diagnostic_score,quiz_average,overall_mastery,total_study_hours,total_attempts,study_streak,final_exam_score
76.5,65.1,65.1,5.68,13,2,56.9
70.8,48.7,48.4,6.21,19,2,47.4
71.4,71.6,64.4,14.35,14,4,55.9
81.4,79.5,78.2,8.75,19,15,65.9
53.0,64.0,56.7,7.69,12,1,53.7
55.1,56.7,51.9,22.73,19,11,44.6
100.0,79.5,77.3,23.05,13,3,71.1
85.7,74.5,69.4,36.8,10,11,64.3
47.6,59.1,64.9,12.82,14,16,53.7
62.0,58.4,49.7,3.52,13,4,50.2
62.4,44.1,40.3,8.39,17,3,41.7
62.9,64.5,62.6,80.25,12,10,72.6
72.8,64.7,60.3,20.14,15,5,62.6
36.2,43.0,41.0,26.74,19,8,36.4
39.8,43.4,40.5,2.15,15,6,32.7
59.8,57.3,46.2,16.6,19,2,57.3
51.5,38.8,49.8,2.77,7,12,46.1
51.6,55.8,51.2,18.84,12,2,50.2
50.4,51.7,59.2,52.71,14,17,56.7
38.4,65.5,48.0,71.1,15,2,54.1
86.9,79.9,76.7,17.55,11,9,67.3
85.7,60.0,60.0,14.26,11,3,59.0
68.9,66.4,63.4,60.01,14,3,64.4
42.5,48.4,46.1,24.39,14,3,40.0
64.8,58.1,57.2,3.34,15,9,51.0
70.4,61.1,51.8,14.54,18,6,58.8
52.2,49.8,58.5,7.5,7,14,49.5
75.1,63.7,61.0,14.69,13,3,65.4
73.0,65.2,59.8,14.16,12,8,52.5
51.9,63.5,58.1,19.45,13,9,52.6
60.4,61.2,47.0,10.83,14,2,43.3
83.5,73.1,71.4,5.59,9,4,61.2
69.3,67.3,54.8,16.01,14,5,53.4
42.8,52.8,43.3,37.46,12,3,46.1
73.2,71.1,63.7,23.81,9,3,63.1
45.5,57.0,54.5,10.26,14,8,46.3
75.7,62.9,58.3,56.83,12,2,54.1
44.9,47.7,47.2,50.66,13,8,53.0
36.4,48.0,48.0,6.7,11,17,42.1
68.2,60.7,56.9,2.8,10,6,49.6
69.7,68.6,62.5,29.04,11,6,62.4
57.3,77.1,60.5,37.16,14,1,61.8
61.6,59.6,52.2,70.76,14,13,58.0
58.3,69.3,54.9,46.12,10,3,58.7
63.7,54.2,53.0,20.35,12,6,47.4
58.4,64.9,66.9,17.1,14,24,64.4
47.5,44.3,41.4,2.56,14,6,35.5
75.3,65.8,61.8,7.66,14,8,57.0
78.0,71.4,61.3,14.31,8,4,63.4
57.0,35.8,34.3,21.8,10,1,41.1
56.8,57.4,53.4,18.3,12,10,57.3
44.6,57.4,46.2,29.15,11,1,50.2
70.5,54.5,56.7,8.56,14,8,51.9
76.7,77.0,65.2,18.65,16,1,58.7
72.5,67.0,62.0,3.85,14,13,64.4
82.3,67.2,56.5,12.68,12,2,63.1
32.2,58.0,56.3,29.74,17,5,46.7
60.7,62.3,51.6,25.64,10,6,56.6
72.3,73.2,62.3,95.43,11,4,66.2
86.1,68.3,66.3,8.51,11,3,68.0
50.2,48.4,45.4,15.79,19,4,41.6
63.1,54.4,52.3,10.0,15,3,56.2
42.1,57.9,45.9,13.62,14,4,47.5
50.3,54.0,47.7,40.89,11,3,55.1
69.2,69.9,63.1,25.05,13,6,59.8
80.7,84.0,70.5,44.82,11,2,73.7
56.0,51.4,60.8,6.55,7,28,51.1
84.3,73.5,72.4,43.33,10,5,73.8
76.9,60.3,56.5,3.23,8,2,57.3
54.1,57.0,50.1,45.89,13,4,60.5
70.4,64.5,68.4,9.98,13,13,63.2
74.9,74.7,68.0,9.55,14,1,65.6
62.1,54.4,59.3,16.35,11,8,51.8
86.5,82.3,67.0,58.5,11,5,75.5
51.0,25.6,32.9,2.98,12,2,28.8
67.6,68.5,67.0,10.68,8,11,61.8
77.9,73.4,61.8,40.84,16,3,65.6
68.8,55.9,53.6,12.09,9,3,50.3
68.5,54.0,60.3,6.44,12,11,54.4
51.2,41.1,38.3,13.06,12,7,37.6
64.9,55.8,60.5,11.74,21,15,54.2
73.1,73.1,69.8,51.4,17,7,72.8
85.3,78.6,69.6,30.7,17,9,71.3
67.5,64.9,62.5,16.07,10,12,60.7
62.5,66.3,57.2,91.08,16,1,55.9
53.0,56.0,49.7,14.52,13,10,50.2
67.3,69.1,58.3,3.2,10,6,58.3
68.0,60.9,53.6,8.08,12,1,50.6
51.2,56.2,52.7,13.46,12,5,55.9
71.7,62.2,58.4,5.41,15,1,46.6
76.3,70.9,63.6,60.96,11,9,70.9
74.9,80.5,72.6,31.12,11,5,72.4
54.8,56.6,55.7,8.25,11,19,54.3
60.9,63.5,48.1,19.87,10,2,51.7
66.3,64.4,57.4,27.56,12,6,59.4
26.5,54.8,45.2,58.7,13,2,48.8
64.3,62.7,59.9,44.68,13,6,57.0
70.3,72.8,66.1,16.48,11,8,64.1
74.7,74.4,66.4,31.8,20,8,65.6
57.8,59.2,55.0,18.52,14,11,49.4
30.2,46.3,43.0,18.09,11,12,42.5
64.1,55.9,45.9,4.44,8,1,44.5
55.1,56.7,48.2,4.7,9,3,41.1
44.3,52.8,46.7,17.08,10,8,43.1
57.7,53.1,43.9,8.26,20,5,42.1
69.2,61.9,52.3,2.43,13,2,55.1
86.6,84.7,77.1,27.66,11,5,75.0
49.8,62.7,52.5,2.66,18,4,53.6
75.8,66.9,60.2,20.09,12,4,57.4
74.2,59.6,57.3,17.5,10,11,60.1
43.3,53.2,51.5,71.36,13,4,62.0
55.5,62.4,48.6,15.24,16,1,50.4
64.2,55.8,51.2,3.31,15,1,51.3
94.9,82.5,78.5,18.05,13,12,78.4
67.1,54.2,61.4,38.79,12,20,55.0
74.6,71.5,68.2,100.0,22,8,72.3
58.6,65.0,50.0,13.25,16,3,52.2
49.3,50.3,53.3,9.72,11,18,47.7
84.7,84.4,80.8,49.43,12,7,75.4
87.2,65.1,75.1,6.25,13,12,69.1
81.7,72.0,68.5,21.11,8,9,63.1
58.6,55.4,49.8,12.41,9,3,55.6
85.3,83.2,83.1,2.84,19,5,73.5
56.7,48.0,48.7,10.53,15,2,40.4
76.5,60.9,55.0,8.16,16,3,52.6
88.1,89.4,79.2,25.17,17,10,76.6
62.4,65.6,67.2,61.44,10,14,74.8
62.7,52.1,47.7,8.24,10,8,44.4
62.9,69.3,64.0,35.37,10,4,61.0
54.1,58.5,50.5,3.14,14,1,45.2
45.7,52.0,45.3,17.45,12,1,45.1
69.7,57.5,52.7,3.46,8,3,49.0
51.7,52.7,44.4,56.37,15,4,45.5
74.1,68.8,69.3,31.08,15,6,64.4
65.7,57.3,50.4,23.46,18,1,50.1
95.3,85.2,88.3,36.73,17,29,83.8
55.6,57.5,49.9,22.86,15,3,47.6
68.0,63.0,62.8,71.44,20,12,69.3
68.1,74.7,60.7,27.03,14,5,60.8
51.0,59.2,46.6,53.71,19,1,47.3
82.7,66.3,63.9,16.56,13,10,61.2
81.6,67.2,68.9,4.49,16,8,63.2
35.7,43.8,34.7,17.02,6,5,31.0
62.4,64.7,50.4,4.71,13,5,57.0
59.9,59.0,43.1,19.95,17,1,50.5
69.7,57.6,50.3,15.17,7,7,57.0
44.7,58.4,60.7,21.49,13,15,55.3
35.3,45.6,36.8,2.2,12,1,27.1
72.4,67.0,61.5,6.33,12,2,63.0
76.4,59.4,65.9,15.52,13,15,58.2
61.2,73.6,61.5,62.12,19,3,61.7
82.0,66.2,64.1,11.68,16,7,62.2
59.6,46.8,50.1,13.05,13,5,51.1
76.5,72.8,67.0,27.08,11,6,69.1
63.8,66.8,64.1,20.52,15,4,62.2
61.8,51.2,50.5,9.1,13,3,46.2
82.4,77.6,65.3,12.58,13,1,63.5
78.8,53.1,54.9,6.91,9,9,54.6
49.7,57.7,49.5,69.64,10,9,54.2
78.6,66.5,68.6,4.8,16,7,65.1
41.9,49.8,42.9,11.3,10,7,44.3
68.9,71.1,57.9,2.52,16,2,58.5
86.0,63.6,61.6,7.01,12,1,50.1
45.9,53.7,49.9,32.33,15,11,49.6
82.2,65.0,63.7,6.49,17,5,59.8
59.8,59.8,60.2,3.67,11,3,53.1
83.3,69.3,66.7,14.87,9,1,60.4
81.7,76.5,67.0,2.2,11,1,58.9
66.0,53.8,44.9,3.77,15,3,47.7
59.5,53.2,51.4,34.97,15,11,51.1
47.0,63.6,62.4,31.52,11,16,59.9
58.2,70.3,60.5,51.33,15,14,60.9
66.0,65.3,73.8,40.55,14,16,72.2
65.5,62.9,63.1,24.99,12,15,63.8
60.8,67.1,58.7,3.08,13,5,55.7
60.9,65.3,52.9,32.54,13,2,54.2
68.0,64.5,63.7,39.35,20,10,65.3
72.8,76.3,60.6,34.1,20,2,64.9
62.1,53.1,57.2,16.21,10,2,52.0
92.9,79.7,77.5,7.3,17,2,75.0
79.2,67.3,67.1,39.33,16,5,70.6
50.6,54.9,41.8,27.98,10,3,41.0
47.4,56.3,47.7,81.02,9,2,48.2
77.6,59.6,62.4,5.38,10,4,54.2
64.6,55.7,59.7,7.12,15,13,49.0
77.5,65.3,58.1,6.76,14,6,57.3
75.4,73.7,68.2,33.46,16,13,70.1
51.7,57.9,47.0,6.14,15,2,45.6
59.2,52.5,45.1,3.38,10,2,42.4
48.7,56.5,55.8,100.0,14,6,59.9
50.6,55.5,40.6,2.5,16,4,42.7
75.0,79.9,73.5,38.07,11,7,72.4
67.7,57.7,52.3,11.09,15,10,56.5
46.5,50.2,43.3,38.85,12,9,45.8
70.1,72.8,63.9,18.18,12,18,71.4
81.8,67.9,61.4,48.38,11,4,63.4
61.3,43.7,48.8,54.13,15,2,56.5
56.7,55.5,51.5,2.18,8,5,44.2
70.8,59.4,49.2,3.57,18,1,51.7
59.6,36.0,42.4,7.76,17,3,36.9
73.1,74.2,68.9,24.13,17,2,68.8
81.6,67.5,63.7,45.83,13,4,63.7
96.3,73.7,77.0,14.32,12,1,71.6
87.9,71.7,68.9,20.68,11,1,63.9
47.7,39.1,42.3,6.18,13,7,41.7
60.2,50.6,45.8,34.69,16,6,46.3
73.4,67.9,66.4,70.42,16,8,74.1
72.4,69.0,64.5,8.26,7,7,57.0
69.4,66.6,60.0,15.66,15,1,52.6
100.0,76.7,70.1,3.8,18,3,72.0
66.4,63.6,55.9,18.38,14,1,52.6
93.2,79.1,74.7,15.97,13,12,72.9
82.4,76.0,63.0,5.12,19,9,62.7
62.9,73.8,65.2,13.67,13,2,55.7
63.5,59.3,47.3,10.13,10,3,48.7
58.8,70.9,70.3,16.76,12,21,68.8
59.2,49.0,49.1,19.62,13,6,51.0
68.8,52.9,56.3,2.17,15,10,52.5
53.5,56.2,47.1,30.63,14,2,52.3
67.1,54.6,51.8,26.97,9,2,48.0
100.0,86.5,84.8,11.12,10,10,78.2
34.8,34.4,37.1,3.09,9,8,33.9
66.1,76.0,73.9,30.12,9,8,67.4
54.3,55.8,51.0,64.1,16,5,53.6
74.1,57.7,57.0,7.49,13,6,50.1
80.3,74.3,66.4,9.82,14,9,57.5
74.0,56.5,55.3,6.06,13,2,55.2
60.6,62.2,57.0,19.2,19,3,54.9
49.0,52.0,50.5,5.36,14,13,49.7
70.6,69.9,63.6,10.81,20,3,58.2
64.6,52.8,49.7,25.88,11,5,47.9
81.5,59.8,63.7,18.42,12,8,60.5
70.1,64.5,74.9,11.77,17,40,70.8
48.8,56.3,52.0,12.9,15,4,46.9
100.0,79.2,75.4,18.52,11,4,76.1
69.6,55.4,53.7,2.12,15,12,48.5
34.0,30.4,30.9,3.64,9,11,28.8
70.3,72.7,69.0,44.62,10,9,67.4
68.2,47.9,58.0,3.62,13,4,54.1
83.8,70.0,63.4,26.54,11,3,64.6
57.2,65.3,58.9,52.52,12,6,65.8
67.1,52.3,53.7,8.31,9,13,46.8
72.4,62.8,60.3,11.26,17,14,59.1
81.6,67.0,58.5,18.83,12,1,60.1
28.0,62.1,38.3,44.69,15,4,46.5
57.9,73.4,66.4,58.91,15,4,62.6
60.3,63.6,58.7,28.91,16,24,65.9
46.6,55.1,47.9,3.81,13,7,44.9
92.8,77.8,67.6,24.12,13,4,65.5
69.0,75.7,59.7,12.56,18,1,59.5
61.4,50.3,54.7,14.72,11,6,48.7
90.4,69.1,65.5,3.01,8,1,72.2
91.0,79.5,73.8,6.24,14,12,74.8
78.2,74.0,67.0,33.26,18,9,67.5
43.1,53.9,42.5,14.1,8,4,42.1
54.6,58.2,50.8,9.18,13,4,51.7
84.3,80.3,78.9,11.69,11,15,76.9
49.0,59.8,57.5,40.54,15,3,43.8
62.2,64.2,47.6,29.65,13,2,54.7
80.8,65.7,70.3,8.36,21,18,65.3
57.1,49.5,49.3,4.5,13,11,41.8
57.7,55.8,58.3,7.81,12,11,55.3
37.2,34.6,32.7,52.7,7,2,44.0
45.6,58.2,49.3,19.43,11,1,48.9
63.5,57.1,52.1,17.25,13,1,54.4
54.1,49.8,40.9,20.15,7,2,49.3
87.6,78.5,79.8,11.12,14,10,69.9
48.6,47.7,45.2,34.91,13,2,38.3
54.7,65.1,61.8,16.82,13,9,58.8
65.3,53.4,54.6,4.48,11,2,48.5
83.5,74.7,69.8,4.76,20,4,60.4
38.9,48.0,59.5,17.39,7,26,50.5
79.9,78.2,69.6,57.16,18,2,74.1
52.8,53.5,46.2,9.37,11,3,44.3
47.3,59.9,49.5,42.73,12,3,48.2
69.2,72.6,61.4,30.89,14,1,60.7
65.7,57.4,51.8,7.7,9,5,50.5
54.7,54.0,54.4,2.74,11,3,40.8
65.5,60.0,58.4,4.15,11,8,53.4
63.4,52.9,54.6,28.08,9,11,48.7
73.6,56.5,56.8,6.45,16,5,55.8
69.1,73.2,73.7,11.28,14,1,58.5
77.6,78.0,65.3,15.93,8,6,68.7
39.3,49.2,36.6,27.85,15,1,37.9
91.0,75.2,66.0,4.4,17,6,63.7
34.9,39.8,36.5,12.43,15,8,36.0
56.7,58.0,51.1,15.27,12,2,46.2
62.9,63.9,58.8,17.57,13,11,57.9
65.3,58.6,58.3,36.11,12,15,56.0
57.7,56.7,55.6,5.77,6,11,49.2
66.8,67.3,56.9,34.99,12,3,60.0
53.6,52.7,49.9,25.61,15,6,44.6
53.4,55.2,60.6,18.23,5,16,49.8
69.5,66.9,62.0,26.05,10,3,60.7
69.7,62.6,65.1,12.62,9,11,59.5
48.5,50.9,47.6,4.98,20,1,43.4
82.2,69.2,63.8,23.92,9,1,64.0
55.0,74.8,63.4,16.88,11,9,60.3
73.5,68.9,62.0,22.4,13,9,63.9
76.2,63.2,61.4,10.25,16,10,59.4
54.9,53.3,53.8,49.47,10,17,48.3
78.7,62.4,60.7,19.7,13,1,52.4
78.3,56.0,55.8,3.79,10,2,59.7
65.5,62.9,65.9,13.95,9,15,60.1
63.9,71.5,55.4,30.24,15,2,61.3
52.4,67.5,64.1,33.61,17,8,58.3
82.2,74.8,66.7,15.65,10,5,65.2
50.1,70.8,51.2,47.03,15,1,54.0
80.0,67.2,60.4,8.23,18,3,67.7
57.8,56.0,61.0,12.57,15,5,53.7
61.0,62.0,58.1,47.77,12,12,57.7
75.3,70.6,64.7,47.32,12,8,60.6
90.5,77.7,72.1,25.15,12,6,78.0
73.8,76.2,66.6,41.18,14,5,66.7
97.9,75.2,68.3,3.86,9,3,69.7
71.8,70.4,61.4,42.05,8,1,65.6
78.4,64.6,65.1,9.73,11,4,58.5
63.6,52.1,49.0,5.93,20,1,49.0
72.7,62.3,52.3,7.47,12,2,50.8
47.8,55.7,46.4,12.82,13,4,41.7
64.1,61.1,52.9,7.79,11,4,55.7
80.1,71.7,63.9,9.73,12,1,61.0
53.2,49.9,52.2,4.9,16,6,47.9
83.1,81.6,72.1,9.02,14,5,70.3
50.5,51.9,44.0,18.99,11,1,46.1
61.6,53.0,65.1,13.66,10,18,51.2
91.2,68.7,68.1,10.51,13,1,62.3
75.6,61.8,65.5,29.44,20,12,61.6
81.3,74.3,73.3,46.79,14,1,67.7
70.9,75.4,73.3,30.28,14,14,70.9
51.2,62.0,42.7,10.07,10,1,49.6
45.0,51.7,51.0,29.29,11,9,52.8
78.6,51.5,46.0,5.3,5,3,47.0
53.3,54.4,53.2,4.79,15,9,49.4
76.7,70.7,57.2,10.48,12,4,60.3
60.5,62.4,51.3,34.97,12,1,55.7
68.7,60.5,57.4,7.66,12,9,51.8
73.5,50.3,46.1,3.31,20,1,52.8
88.5,71.2,73.0,4.82,13,16,71.8
55.8,59.8,54.6,41.14,13,1,57.2
55.9,45.5,41.4,22.09,11,5,47.2
56.3,61.2,57.8,7.84,13,8,54.7
80.2,69.3,60.2,18.21,11,4,57.4
48.6,55.2,45.7,17.0,12,2,44.6
60.1,51.1,52.4,23.31,12,9,44.7
59.5,60.8,53.3,7.31,12,10,53.3
40.0,46.2,42.1,41.96,10,16,44.4
38.6,49.0,42.8,9.4,13,3,39.4
50.1,60.9,56.6,25.69,16,5,57.0
57.7,49.3,45.5,2.33,15,3,41.7
65.0,60.0,51.6,11.33,11,2,50.2
92.3,78.6,76.2,10.67,11,9,72.1
68.2,65.9,58.6,17.68,10,3,50.5
64.5,50.4,49.7,3.51,13,4,45.8
74.5,57.8,45.6,33.23,10,4,44.1
46.9,50.4,42.5,6.91,9,8,39.9
59.0,65.3,60.1,24.6,16,16,61.9
59.1,58.7,54.8,34.51,15,7,56.0
79.0,66.3,62.7,18.51,17,4,58.8
55.0,62.7,59.9,29.01,9,10,56.9
68.0,63.5,60.4,23.69,13,7,54.6
90.3,66.5,57.9,10.79,16,1,59.7
54.7,66.2,59.8,35.09,15,1,67.1
76.1,63.2,62.6,8.98,11,1,64.1
77.9,66.4,56.7,18.94,17,4,58.7
56.9,62.8,59.8,29.36,10,11,57.9
61.4,67.8,55.5,11.53,16,3,51.0
58.1,48.9,46.2,9.21,11,3,41.5
70.6,59.3,66.5,14.3,13,15,61.5
64.0,68.2,72.6,36.07,10,12,64.2
60.2,68.5,63.4,55.16,9,7,66.5
75.6,71.5,64.2,17.75,19,2,67.4
68.6,84.2,66.9,23.66,18,1,67.2
73.8,75.4,65.0,48.72,14,1,67.0
94.8,83.3,79.7,4.07,16,1,67.1
47.0,54.7,46.2,7.28,9,3,46.5
69.7,75.4,62.2,26.68,16,5,58.9
62.2,64.8,48.6,36.72,12,1,52.2
97.3,86.6,79.0,40.9,11,1,82.0
52.2,50.4,45.5,12.73,13,2,47.3
35.3,48.1,39.3,3.87,7,7,35.8
39.6,49.7,47.5,13.52,13,6,41.4
30.4,34.1,29.4,7.25,10,5,26.2
61.3,53.6,48.1,8.88,13,2,42.6
32.4,53.0,41.6,31.59,19,3,39.7
63.1,56.2,48.7,3.57,12,1,41.7
65.6,67.9,59.3,37.16,16,2,61.9
100.0,80.7,87.0,13.16,8,15,80.9
75.2,77.0,74.8,20.13,14,24,73.8
60.0,50.2,51.2,3.88,16,7,43.7
53.6,57.8,58.4,10.23,10,16,49.1
54.8,68.3,59.5,3.88,21,7,54.9
52.7,56.6,51.2,67.16,14,1,54.3
92.4,83.0,88.1,34.93,11,36,84.7
85.6,75.0,68.9,14.31,14,1,65.0
89.8,61.1,66.8,7.06,15,8,68.1
24.3,55.6,38.6,56.2,13,2,44.3
97.8,80.6,76.4,10.45,13,4,79.7
61.1,58.2,53.4,5.51,16,7,55.1
84.6,77.2,69.4,18.56,12,4,73.7
42.3,56.4,44.4,59.57,8,2,45.2
53.2,47.8,45.7,2.08,18,3,44.1
60.5,58.4,52.3,7.44,15,3,48.2
68.3,66.5,70.6,57.76,11,20,63.8
46.6,57.8,52.2,5.75,8,10,53.3
79.7,69.3,57.5,4.4,17,4,57.2
46.7,51.1,43.7,18.89,14,2,39.3
54.0,54.6,53.1,41.59,6,11,51.8
63.1,64.8,56.8,14.97,17,2,51.8
82.3,67.3,59.8,100.0,7,2,63.6
70.7,62.6,52.3,24.74,11,3,54.1
52.1,40.7,48.3,3.54,17,14,49.0
37.7,55.7,42.4,100.0,19,1,45.5
89.0,80.9,72.0,12.48,15,1,75.1
75.1,63.3,58.7,8.78,12,5,59.7
69.3,57.1,52.7,18.32,19,2,53.6
85.3,81.0,71.7,9.26,11,6,71.7
72.0,50.4,46.8,3.81,10,4,47.1
82.3,70.3,67.1,2.03,14,4,66.8
76.3,60.4,53.5,13.94,6,1,56.0
88.1,88.3,76.3,38.26,15,1,70.3
95.5,77.2,78.4,18.99,12,11,75.5
60.0,60.0,57.0,100.0,6,14,63.7
78.1,69.5,57.6,8.76,9,2,57.2
74.8,74.9,73.9,8.58,15,1,65.7
86.2,76.7,66.0,5.48,15,1,62.3
50.6,47.0,47.0,5.58,15,6,38.0
76.3,60.7,68.1,8.71,17,8,54.9
92.4,65.6,67.4,33.49,9,3,61.1
48.3,56.0,49.3,49.24,19,8,53.9
55.4,51.6,49.3,75.85,17,8,44.9
32.8,37.0,37.3,7.29,9,17,32.8
54.1,69.0,59.1,44.62,11,1,55.8
82.7,58.3,59.1,9.96,8,2,55.4
93.0,79.1,69.2,4.39,8,1,61.0
77.8,65.0,62.1,42.81,14,13,66.0
83.0,73.3,65.5,22.22,13,10,61.8
43.8,44.6,45.2,5.6,17,6,44.2
28.0,40.5,32.4,13.24,10,1,29.1
61.1,61.4,54.1,8.77,11,2,51.1
78.3,64.5,56.8,28.7,13,3,59.0
60.8,52.7,44.6,14.08,20,6,47.3
41.2,46.2,43.1,92.71,11,2,46.1
62.2,49.0,45.7,3.13,11,1,42.3
49.3,49.0,50.7,10.77,13,9,47.0
65.2,62.5,54.0,15.15,13,3,55.0
70.8,63.0,56.9,15.99,12,4,53.2
27.9,51.2,41.2,9.59,9,1,38.9
56.3,58.1,57.9,28.13,15,10,58.9
37.1,56.4,49.9,43.55,14,6,51.4
73.8,69.1,67.8,57.85,13,15,72.7
84.6,68.2,67.5,34.7,13,5,67.0
54.9,55.4,62.2,40.02,15,18,54.9
84.2,51.2,59.7,17.99,16,14,55.1
50.0,62.0,51.2,36.96,21,6,53.7
67.9,50.8,63.0,9.23,12,17,58.9
71.0,55.2,50.0,12.17,13,3,60.1
48.6,51.4,47.3,9.62,11,3,47.3
66.3,61.8,54.0,14.6,11,1,48.8
39.4,46.7,34.1,8.73,18,6,33.5
85.9,81.0,79.4,67.2,11,8,87.4
60.6,61.3,46.9,9.5,12,10,49.3
51.0,44.2,32.0,4.06,13,1,35.4
59.5,60.8,55.9,16.97,12,4,49.6
73.2,61.9,58.8,3.18,12,2,60.3
59.8,55.3,49.8,4.34,9,7,49.8
76.4,56.0,54.5,6.95,13,2,49.7
71.0,61.0,53.2,14.49,19,15,52.3
43.0,57.0,49.0,13.36,13,2,46.5
59.1,62.1,54.8,34.16,8,3,54.9
45.9,52.4,49.9,28.9,9,12,51.5
32.2,41.9,35.7,13.11,19,4,36.2
32.8,52.8,42.5,10.12,16,1,38.4
100.0,83.5,78.0,9.61,15,5,72.9
95.3,82.4,66.4,31.74,15,1,70.5
62.4,57.9,74.1,3.07,18,26,59.9
83.2,51.4,60.0,2.26,14,6,54.1
62.6,79.0,59.1,33.75,19,2,61.9
99.3,79.3,74.6,14.97,10,6,69.8
82.3,65.0,59.2,4.81,16,1,59.8
65.3,56.4,60.5,7.37,10,10,53.1
61.8,65.1,55.5,55.91,17,16,58.4
48.4,61.3,54.7,41.25,18,13,53.9
70.2,66.3,52.1,26.74,13,3,56.9
41.2,59.2,46.5,15.16,12,3,45.5
37.4,48.4,37.1,16.69,13,1,39.0
55.0,55.2,51.4,75.97,10,7,58.4
50.6,63.9,51.6,69.49,14,5,61.4
79.6,71.9,62.4,6.85,9,4,62.2
96.6,81.3,84.4,35.33,15,15,77.1
77.0,65.5,61.6,6.39,13,2,57.1
90.5,77.0,71.7,6.8,14,1,64.1
66.7,72.7,60.2,24.55,10,1,65.8
51.2,64.1,50.2,12.38,14,2,56.3
78.7,80.6,68.2,55.63,15,1,73.4
73.2,59.2,58.8,3.86,15,5,57.7
52.5,43.1,32.1,16.33,16,3,37.9
52.4,74.8,60.7,52.15,10,2,62.8
55.4,54.8,53.4,48.89,12,9,48.6
44.4,51.3,43.4,5.4,17,2,40.6
62.7,66.4,59.7,11.13,14,8,53.6
84.8,88.8,66.0,21.31,10,3,71.1
42.1,41.8,36.8,5.47,15,5,35.5
88.0,66.0,79.0,70.85,10,17,83.5
60.3,58.1,50.6,51.24,11,1,57.1
47.5,50.7,44.1,5.65,10,5,43.1
60.6,55.6,55.8,4.58,15,12,50.6
40.5,47.5,43.6,3.79,7,6,45.5
74.3,68.4,63.4,50.04,8,2,64.3
49.6,50.2,44.0,6.3,18,4,43.4
68.0,59.2,59.0,12.77,7,8,55.6
74.9,58.1,68.7,13.92,13,14,59.8
51.4,70.9,60.0,20.28,14,1,56.0
41.1,49.8,50.1,3.49,14,1,35.1
52.3,41.3,37.0,7.14,4,3,31.8
83.9,69.9,70.8,55.62,8,2,71.2
59.9,71.4,55.8,49.81,14,2,65.2
28.7,64.9,48.7,32.4,19,2,48.6
62.8,62.7,57.4,2.39,14,2,50.0
79.9,63.7,56.8,9.92,16,1,51.4
51.2,59.4,59.0,21.78,17,17,57.9
68.9,65.9,61.0,8.44,18,1,54.6
52.4,65.2,50.6,50.07,11,2,56.8
82.2,63.4,66.5,22.1,16,2,63.4
39.4,37.3,36.9,3.49,10,17,37.4
36.6,41.9,47.4,49.94,18,9,44.9
43.7,34.6,41.7,65.29,13,10,45.1
69.3,68.5,58.6,3.62,13,1,55.5
64.6,66.8,61.8,17.2,19,12,57.1
52.6,46.6,41.5,9.23,12,4,37.7
54.0,69.6,55.9,11.98,13,2,45.3
36.5,43.6,38.7,5.96,13,6,35.5
67.7,65.1,67.6,19.26,13,11,67.0
40.2,60.1,60.0,65.39,9,10,60.3
56.3,54.7,56.1,15.99,16,14,53.1
69.2,53.8,56.4,3.73,14,17,51.0
50.2,59.0,47.0,21.35,15,2,51.0
61.0,60.6,53.3,10.32,12,4,51.0
71.4,75.7,59.7,40.75,14,1,68.8
55.3,65.8,57.0,13.41,9,14,52.1
81.6,65.2,69.1,6.28,14,2,59.0
50.4,43.8,47.9,6.24,15,13,40.5
67.7,70.7,57.8,31.29,9,3,54.5
87.0,70.6,69.2,8.17,13,3,61.4
36.1,42.1,30.2,31.15,11,1,34.9
37.4,46.4,34.6,6.61,9,3,32.6
82.4,64.6,64.5,9.76,16,14,48.9
59.5,68.1,62.9,14.53,8,1,60.7
73.6,68.8,61.1,59.36,18,4,59.1
66.1,56.5,41.3,55.69,14,1,53.5
55.2,65.9,60.0,6.64,13,3,54.0
57.1,54.3,46.8,10.87,15,2,53.5
79.0,67.7,54.2,5.24,22,2,59.6
62.3,67.8,62.8,16.27,15,13,57.9
83.6,68.8,66.7,14.35,9,4,61.0
52.4,67.8,56.6,48.2,13,2,62.7
53.7,58.3,59.2,55.19,17,6,52.2
60.6,60.2,48.5,11.68,16,1,49.6
60.9,63.9,55.0,15.54,16,2,52.8
55.9,59.1,49.7,47.31,17,5,52.1
71.6,73.5,57.0,34.87,13,2,62.4
91.4,73.6,74.8,2.07,13,7,69.1
76.4,69.5,65.7,9.72,9,5,63.2
56.2,59.2,56.7,12.96,15,10,53.3
69.7,66.9,70.7,7.22,20,19,65.2
61.9,60.1,49.4,6.45,14,1,49.2
50.5,40.3,34.6,2.77,18,3,32.9
51.0,43.7,40.9,22.62,15,3,41.1
40.6,43.5,42.1,8.09,17,2,35.2
65.6,49.7,59.3,3.08,13,11,48.9
55.1,64.8,61.2,7.25,11,9,53.9
100.0,73.6,72.3,34.38,12,5,72.2
71.2,68.2,62.8,40.14,26,5,63.0
75.0,62.4,56.8,15.2,19,1,59.0
70.7,69.8,58.5,12.76,14,5,56.6
48.6,49.2,47.7,78.2,11,10,52.1
74.5,53.7,49.1,6.48,12,6,50.4
80.2,76.0,66.4,6.85,19,2,61.5
46.2,47.2,50.6,8.9,8,7,44.3
79.0,76.6,70.8,5.79,12,3,68.9
79.3,68.8,60.4,11.54,14,5,60.8
60.3,61.8,54.8,50.35,13,5,58.0
58.1,62.3,50.4,21.11,11,3,48.9
86.1,80.2,74.2,12.62,18,8,77.6
66.1,75.4,74.3,56.49,10,14,69.8
71.0,67.1,61.2,2.99,18,1,50.8
58.1,52.5,66.2,6.72,19,17,58.3
62.9,41.2,48.2,18.69,21,5,44.8
61.0,70.3,63.1,21.12,15,8,59.0
54.2,46.9,51.6,2.81,13,12,44.0
51.5,60.9,51.0,12.32,15,4,55.7
64.4,61.2,55.5,22.95,13,12,57.2
71.0,73.8,68.5,25.95,21,2,66.3
73.0,70.5,65.8,22.33,9,2,62.9
72.6,72.6,65.0,9.73,12,7,62.9
68.1,43.7,52.1,3.96,13,13,52.9
69.6,57.4,65.2,13.14,15,14,57.7
56.0,59.3,57.2,4.76,9,7,46.3
57.7,63.5,49.7,60.99,10,5,59.6
74.9,66.9,61.7,14.89,11,3,61.1
69.9,68.5,72.9,9.63,8,25,66.9
58.9,56.4,54.8,31.07,9,3,54.3
90.4,59.3,67.7,15.78,18,9,62.0
92.5,72.4,74.8,9.42,13,5,68.9
65.0,68.7,56.6,35.42,14,6,58.7
94.2,89.0,76.2,42.37,8,4,76.3
43.8,55.9,61.5,24.36,12,21,58.9
52.2,37.0,36.5,2.96,16,6,30.8
43.7,46.1,43.3,18.71,8,18,51.9
71.0,75.5,65.8,30.82,17,1,67.4
64.9,58.8,52.9,4.94,14,6,44.9
62.0,54.7,60.3,7.19,13,8,52.0
66.5,70.1,65.3,44.83,9,9,64.2
39.6,52.1,50.8,2.41,16,15,46.4
98.1,88.3,76.6,29.95,18,1,73.6
68.8,67.0,64.3,14.84,18,1,59.0
65.0,65.1,59.2,13.84,14,4,55.7
69.1,63.7,54.5,2.14,13,1,50.1
80.1,73.0,74.4,36.23,13,23,70.0
81.4,50.0,51.3,10.92,9,2,54.0
50.1,54.3,43.6,17.56,9,4,38.7
66.7,64.3,60.0,24.62,24,1,58.9
95.3,87.3,72.0,26.26,10,5,77.5
81.0,79.4,69.1,64.46,14,3,72.1
86.2,77.4,71.0,17.16,10,1,68.2
63.8,48.9,48.5,12.21,15,3,50.6
35.9,61.9,45.6,63.45,12,4,48.2
73.8,64.2,74.6,22.55,9,29,66.7
66.4,63.7,52.5,9.08,14,2,50.7
77.0,64.5,60.8,4.7,11,5,61.9
40.6,43.4,53.8,38.97,8,27,54.9
86.1,76.1,75.0,10.99,9,10,65.1
48.9,58.5,59.6,23.6,14,31,60.9
71.0,60.5,72.0,14.73,18,22,66.9
51.2,38.0,38.9,6.44,11,5,42.5
45.4,44.0,45.5,20.41,12,8,43.9
84.1,74.5,72.5,3.25,15,1,65.5
57.9,63.6,59.5,12.67,10,4,58.3
50.7,50.4,54.0,17.82,12,11,51.3
44.7,59.3,50.5,13.46,17,5,55.4
67.1,48.5,53.8,29.62,10,8,55.4
71.3,77.1,70.4,37.2,13,9,69.3
60.6,58.9,46.8,31.5,9,2,46.4
39.1,46.1,46.5,2.79,12,13,39.2
65.0,61.5,56.6,6.32,16,4,48.1
64.9,55.5,53.0,17.38,14,2,50.2
24.3,47.3,41.7,56.61,16,13,46.8
58.5,62.7,51.6,38.03,15,4,54.2
60.9,68.4,64.3,38.97,11,9,65.8
67.6,61.9,51.8,9.23,13,5,53.6
97.6,78.3,79.0,13.22,10,3,71.8
77.8,70.8,67.6,14.72,16,11,65.0
38.0,61.4,50.9,5.42,14,6,48.0
46.5,42.6,41.8,2.63,10,4,38.5
86.7,86.7,76.7,60.71,10,1,78.7
52.8,62.9,53.7,7.51,14,14,49.5
55.3,62.4,55.2,7.49,13,1,49.2
65.5,61.4,62.2,3.74,11,13,64.5
78.4,66.6,58.8,54.76,4,3,67.9
65.5,59.6,53.3,19.34,16,7,48.4
52.1,56.5,55.2,23.99,16,16,44.8
61.0,60.5,47.5,50.51,12,2,53.9
60.9,61.9,62.8,10.48,15,6,58.9
51.8,55.8,57.8,21.43,8,9,50.4
45.8,49.5,48.3,2.79,11,9,47.0
52.5,52.8,46.9,6.13,15,5,44.9
58.3,65.9,57.5,37.59,14,7,57.3
87.3,79.9,78.2,31.11,13,9,77.4
29.2,42.0,46.7,10.64,18,12,37.2
77.0,71.4,65.2,11.46,12,9,62.1
74.9,66.0,55.6,17.25,14,3,59.4
40.8,34.6,52.2,2.0,18,36,43.7
49.7,56.4,41.5,7.52,21,4,49.9
66.0,59.5,48.8,6.67,14,1,51.7
37.3,35.2,31.2,7.77,11,3,32.8
48.1,57.4,40.8,34.79,14,1,45.6
37.7,50.6,44.8,8.56,8,1,43.3
85.5,73.7,70.8,6.25,18,3,64.6
85.9,71.2,62.5,16.03,11,1,63.7
86.9,74.4,76.3,42.15,12,8,70.3
82.9,63.2,65.0,7.52,14,1,63.3
53.4,44.8,41.0,3.64,16,2,40.5
48.8,50.9,41.6,10.81,8,1,48.3
69.2,70.9,69.5,29.54,7,1,72.2
41.6,47.4,42.9,18.0,17,2,43.2
85.6,68.1,66.9,35.94,19,6,66.9
52.1,73.5,75.2,66.17,14,21,68.4
66.9,65.2,64.9,33.47,11,13,65.8
82.1,60.5,62.6,20.52,13,13,62.3
85.9,62.5,60.5,15.6,13,2,61.3
56.7,54.9,52.5,2.82,16,2,53.4
86.9,81.2,63.1,85.11,16,1,69.3
68.1,42.8,47.5,11.67,12,10,43.1
68.7,71.0,65.9,5.3,17,1,58.7
61.0,73.3,60.8,23.97,13,6,62.9
45.6,58.0,53.6,8.69,7,2,49.3
75.3,71.8,68.8,19.63,9,2,60.8
32.4,52.5,54.4,19.67,12,29,52.5
75.0,72.8,65.6,13.8,13,9,59.3
65.9,70.1,64.6,38.17,9,12,61.2
59.2,60.0,65.1,8.16,12,6,55.0
83.1,68.5,77.2,13.91,19,13,66.9
56.9,57.5,53.4,17.43,8,7,54.2
55.5,45.8,49.7,23.79,11,18,49.7
35.6,52.3,42.5,32.65,17,3,48.9
68.1,68.8,62.9,12.04,10,6,58.4
40.9,43.9,36.4,22.77,14,8,38.1
96.2,74.5,71.5,5.26,10,4,72.4
43.1,47.0,52.6,55.96,12,14,50.8
92.4,75.9,76.4,11.66,16,25,79.6
77.4,66.9,65.8,28.15,10,5,65.2
54.2,60.1,57.5,2.41,17,4,42.4
70.7,53.5,49.9,6.59,12,4,53.4
82.8,66.7,74.7,15.35,12,12,70.5
70.4,71.8,62.1,44.12,12,7,67.7
94.7,75.4,71.3,16.98,13,1,62.3
53.3,69.1,56.6,55.15,18,5,57.0
62.9,58.7,50.3,15.23,14,1,48.0
54.0,62.0,54.3,15.48,15,10,49.7
70.0,60.1,58.1,4.55,19,3,59.9
60.9,73.4,65.1,34.46,10,4,62.5
47.1,43.9,43.9,7.67,18,10,40.9
57.1,42.6,35.0,47.97,9,1,44.2
81.0,64.1,61.5,50.34,10,2,65.6
69.7,71.6,64.5,59.4,12,4,54.7
54.5,57.3,48.4,16.69,12,2,45.5
58.5,66.3,63.7,24.61,16,3,53.2
79.9,68.7,69.9,32.15,15,39,72.8
63.7,53.3,45.6,4.81,21,11,46.3
53.8,55.0,51.9,20.37,15,14,51.0
64.4,53.4,61.8,2.7,9,18,47.4
35.1,52.5,37.8,15.77,14,3,37.8
62.1,60.0,49.4,5.36,15,3,53.0
56.5,40.6,43.5,6.04,14,2,44.9
69.2,70.7,68.2,11.08,24,11,65.4
73.1,64.5,63.3,13.33,11,8,54.9
76.6,70.5,65.8,21.52,15,2,67.3
68.7,66.4,57.1,3.55,13,3,57.5
89.8,83.8,74.2,16.01,15,5,71.9
86.7,76.4,73.7,6.03,12,5,61.1
39.3,48.0,41.6,19.07,9,14,45.4
70.0,52.9,42.5,22.29,11,3,45.7
42.9,58.4,53.1,18.27,16,15,51.5
73.8,68.2,65.5,28.81,11,4,63.0
70.9,66.6,64.1,10.18,16,9,65.3
61.0,61.4,65.7,30.97,10,17,60.7
71.1,65.5,58.0,13.34,9,15,58.7
48.6,52.0,45.2,15.24,10,1,49.1
58.3,61.5,55.3,22.89,12,2,50.8
30.4,42.8,30.3,2.37,12,4,33.7
56.9,53.5,52.2,23.23,12,4,48.9
48.5,47.5,44.4,21.28,14,7,40.1
56.4,50.7,67.6,9.42,9,18,55.5
88.2,72.1,57.2,3.79,9,1,62.3
54.6,52.4,53.0,3.91,11,4,51.6
96.2,89.2,77.2,53.34,15,2,85.3
64.9,71.9,61.3,25.38,16,14,61.1
61.9,66.5,65.9,4.72,14,21,57.0
62.5,51.6,50.7,10.82,13,5,47.1
86.3,64.0,64.7,19.95,13,1,57.8
55.0,65.6,66.0,38.11,12,10,60.3
67.1,54.8,60.1,2.89,10,8,52.0
87.8,76.7,65.9,7.4,11,3,67.8
73.0,56.1,64.9,46.1,16,14,55.0
86.4,71.4,79.8,2.18,21,23,69.1
70.7,44.5,45.3,6.5,15,6,42.6
57.5,62.1,54.4,65.9,10,6,62.8
86.8,83.5,70.8,21.01,15,3,66.7
58.1,57.8,52.9,8.07,16,6,50.7
95.5,72.4,66.8,3.39,17,4,65.0
73.2,62.0,53.2,2.57,9,3,56.5
50.1,49.6,44.8,7.61,12,1,44.1
80.9,69.4,65.6,44.65,16,2,66.5
84.4,71.7,64.6,12.75,11,2,61.2
66.4,67.0,65.3,27.48,11,5,54.6
53.9,49.9,45.9,52.09,16,6,50.3
64.2,46.9,46.6,12.49,14,6,47.8
62.6,62.6,58.3,6.25,15,4,48.1
64.6,64.7,56.8,16.56,18,4,51.0
78.1,75.3,72.2,49.74,10,12,73.1
60.6,72.8,51.1,34.63,13,4,58.2
46.5,41.2,51.4,3.36,21,28,42.2
53.1,65.8,47.9,25.59,15,4,49.3
80.6,59.7,55.3,18.97,17,7,50.5
60.3,86.4,62.2,49.6,10,1,71.4
92.2,67.6,63.6,4.61,11,7,58.3
74.0,76.0,69.1,17.27,15,12,68.5
69.7,64.4,64.9,44.32,17,18,65.0
59.0,66.3,72.2,12.55,18,37,69.9
39.4,55.9,46.1,15.16,20,3,40.9
82.4,61.2,53.3,3.46,13,6,55.2
48.0,57.1,49.0,8.52,14,4,40.2
79.0,62.0,61.8,9.85,11,6,51.8
49.8,43.2,38.2,60.05,15,2,46.1
40.2,49.9,46.9,8.64,17,12,37.0
71.1,77.2,73.9,14.36,21,15,67.7
77.9,61.7,62.0,24.25,8,4,63.2
67.0,63.9,50.6,5.54,13,3,54.3
56.2,65.0,52.6,15.33,14,1,49.3
74.5,68.2,70.4,28.83,19,8,59.9
80.8,66.0,67.3,42.33,12,3,67.3
50.3,58.2,59.9,21.68,12,15,59.3
68.1,76.3,69.2,24.12,12,7,63.3
50.3,47.0,51.6,4.7,13,7,41.8
67.7,60.1,64.3,60.29,6,6,61.1
69.2,65.6,56.7,4.84,17,1,56.4
72.4,72.6,68.0,31.8,17,17,71.8
61.2,53.2,50.3,8.15,17,7,44.0
96.7,79.8,99.4,56.24,14,32,86.4
52.5,53.3,41.8,27.46,6,5,53.7
52.9,57.4,50.6,30.03,8,8,50.4
62.4,54.7,43.4,6.95,13,1,46.0
100.0,74.8,74.6,13.71,16,7,69.2
59.6,65.6,54.9,21.24,14,9,57.2
76.6,70.6,67.1,31.39,13,10,69.4
47.5,37.6,32.6,4.2,17,10,35.6
68.3,68.7,62.0,67.6,10,2,70.9
69.6,83.5,86.2,46.19,17,23,78.9
75.1,60.0,68.3,8.3,8,33,63.5
98.5,73.7,68.9,36.61,14,1,71.4
59.3,61.2,61.1,16.61,15,17,58.9
77.5,74.3,66.5,14.39,11,3,64.6
82.6,91.2,80.0,9.55,16,8,70.7
62.0,59.7,56.2,19.4,17,3,54.4
67.6,63.7,73.2,28.18,17,22,65.1
89.1,71.1,62.3,12.58,10,1,60.7
87.1,80.9,72.1,21.84,12,5,70.9
53.0,60.7,55.6,26.03,18,4,49.4
50.4,59.5,44.4,26.84,14,3,43.6
67.7,51.4,44.1,3.07,11,7,36.8
53.5,48.5,43.9,41.29,11,1,52.1
39.8,53.2,48.7,14.26,9,8,46.7
63.7,52.5,59.5,8.09,10,25,54.9
58.8,51.3,49.8,7.54,12,11,45.4
75.7,63.1,61.6,15.19,14,13,50.0
57.5,67.3,53.1,45.58,11,3,54.2
75.8,76.6,69.5,11.51,13,3,67.5
49.8,54.1,43.2,29.7,18,5,49.4
82.8,66.7,60.2,4.04,9,1,60.7
76.4,73.5,70.4,14.93,15,18,68.1
70.0,69.1,53.7,97.8,12,1,66.5
72.5,73.5,74.7,31.43,10,15,68.8
41.1,50.9,39.3,6.73,16,1,42.4
80.2,64.2,65.9,15.92,12,11,61.3
59.6,67.9,50.8,7.32,15,2,48.6
84.9,65.4,58.1,12.54,18,1,55.1
66.8,72.1,67.8,32.29,11,8,61.0
100.0,81.0,85.8,31.5,4,3,81.5
61.5,48.7,41.5,7.18,15,8,41.2
56.5,63.3,54.3,53.08,17,5,53.4
52.1,51.9,46.4,19.96,18,1,47.7
54.5,59.1,56.8,11.56,19,17,54.7
59.5,49.2,50.2,15.94,10,4,50.5
82.3,72.9,66.2,20.58,13,9,67.7
80.1,69.4,65.3,18.41,14,5,60.5
55.7,70.6,57.8,15.33,14,6,56.3
54.0,45.9,47.7,16.06,15,3,44.5
54.6,63.5,50.2,5.88,13,2,45.8
60.9,66.2,56.6,35.5,22,5,53.6
66.0,74.0,67.1,17.61,15,4,60.1
58.6,65.3,52.1,4.81,18,4,58.4
30.3,47.8,40.7,31.06,13,7,38.8
72.3,87.3,68.0,55.9,9,8,77.5
79.3,89.3,69.7,60.87,17,1,73.4
50.7,55.3,49.2,11.21,10,3,49.4
75.2,55.5,50.6,4.91,12,4,53.9
64.8,63.6,52.8,16.61,14,1,56.3
71.1,57.6,55.5,4.39,19,2,53.4
77.4,79.1,65.1,56.36,14,1,74.2
94.2,86.1,93.5,6.06,19,35,86.4
61.9,53.4,53.8,7.83,12,9,56.1
44.3,52.4,44.9,12.44,12,1,36.7
57.3,45.9,47.4,11.66,9,1,44.9
69.2,57.7,58.0,33.66,16,8,58.3
51.1,59.5,57.0,14.19,5,4,47.9
81.9,81.1,78.8,5.75,13,10,73.5
55.5,50.9,51.9,8.22,12,16,43.6
60.4,59.6,59.7,16.23,11,6,52.2
68.8,64.3,58.0,5.19,12,2,47.7
75.8,72.1,66.6,20.92,12,10,70.3
100.0,77.5,84.6,18.68,15,20,78.5
67.1,56.9,59.0,27.08,18,6,63.5
59.8,59.7,57.4,57.52,12,8,61.7
87.8,83.9,81.4,50.67,13,3,80.1
83.4,78.3,74.0,60.4,16,3,72.3
86.3,84.0,79.5,7.61,16,9,69.8
66.6,68.6,63.9,4.82,16,17,62.3
60.6,61.1,55.3,9.2,11,7,52.3
80.2,68.2,67.2,47.09,14,10,63.2
81.6,78.0,71.2,73.55,19,2,68.2
63.9,68.8,61.0,41.23,16,2,57.3
65.7,62.4,57.5,4.33,16,5,60.2
79.3,80.2,69.7,60.91,12,2,80.2
80.8,74.1,71.7,13.01,17,7,67.6
100.0,76.1,69.0,2.19,12,3,68.4
63.0,62.6,66.1,13.68,16,10,57.5
66.7,57.4,49.5,2.94,11,11,47.1
79.0,57.7,62.6,17.7,14,4,63.0
100.0,72.5,69.5,10.27,11,2,74.3
50.3,56.9,54.9,14.83,10,7,46.9
74.1,65.5,74.3,21.0,13,31,69.0
64.1,64.0,59.4,42.62,12,6,57.9
67.0,59.4,55.2,23.69,17,1,52.4
82.1,66.7,64.4,13.38,20,1,65.2
71.2,69.7,60.1,36.23,15,3,56.9
45.4,74.4,61.3,49.2,10,2,61.7
51.4,39.4,38.8,4.55,11,11,40.9
76.5,73.9,70.7,17.18,6,12,66.5
72.3,66.6,62.6,8.7,13,2,61.3
100.0,72.3,74.1,2.96,20,3,69.3
55.3,55.7,50.3,24.09,20,2,53.3
64.8,67.6,64.2,41.72,14,15,58.7
84.4,59.6,63.4,5.56,16,5,57.5
80.4,73.2,65.5,35.47,11,7,66.6
59.3,55.9,57.8,40.4,14,4,45.6
67.7,63.8,59.1,51.15,10,7,57.4
80.2,65.7,55.1,8.17,8,3,53.8
69.3,68.2,55.3,48.86,17,3,63.7
48.4,52.9,48.2,9.73,10,7,42.9
63.5,65.5,59.3,18.07,14,6,54.0
75.2,73.2,72.4,3.04,16,3,66.8
50.0,47.9,37.7,2.9,9,1,32.6
70.3,64.9,58.4,27.49,15,3,50.9
58.5,59.9,48.8,13.76,17,4,48.1
67.5,66.5,59.0,7.92,12,7,51.7
52.2,42.8,55.1,6.22,12,16,41.8
59.2,55.2,44.0,24.17,6,1,49.0
81.4,53.3,55.9,2.01,12,2,55.5
90.5,77.3,71.7,34.79,10,2,74.0
72.9,46.9,49.3,3.65,16,5,51.2
61.0,62.0,56.9,6.25,8,4,57.0
100.0,73.9,70.1,11.76,9,9,62.4
48.9,55.6,53.4,15.27,13,2,49.5
33.4,39.4,43.3,10.77,13,6,34.8
89.3,66.9,71.1,9.73,10,14,64.2
65.1,58.7,70.2,68.44,9,15,68.7
55.3,54.2,56.7,22.52,13,20,48.0
64.7,66.3,63.5,2.47,11,10,51.6
58.1,67.1,69.5,13.25,13,15,63.5
59.4,64.5,52.9,43.59,18,2,57.5
48.2,45.2,34.9,9.18,10,2,37.4
72.3,64.0,50.7,3.99,14,1,49.1
75.2,62.9,69.6,30.41,15,8,66.5
76.3,65.4,67.0,20.63,19,18,66.9
96.4,85.2,75.7,18.89,9,2,74.6
40.9,54.8,42.9,3.1,14,7,37.6
42.8,43.9,46.2,5.03,8,9,39.1
48.9,52.0,50.5,21.49,11,17,52.2
61.3,49.7,47.4,6.66,10,7,50.6
65.1,70.9,73.2,16.03,22,22,65.5
57.8,51.8,43.1,17.74,18,3,44.1
59.9,62.8,53.7,8.67,20,3,51.1
46.5,53.0,52.0,61.29,12,5,53.2
80.7,79.0,71.1,38.96,14,3,68.4
40.4,63.2,49.2,27.63,13,1,38.3
97.1,67.0,70.7,3.62,5,9,70.7
78.5,49.0,52.9,4.24,12,9,57.3
68.4,66.8,70.6,15.58,15,9,60.5
73.1,52.9,48.6,5.5,12,3,45.0
61.9,75.5,64.6,78.58,13,5,66.7
87.6,63.3,62.1,5.45,21,3,58.9
98.8,64.5,68.0,15.37,15,1,68.5
69.0,57.6,59.8,11.05,8,6,55.0
83.1,68.2,62.2,22.4,20,1,59.2
65.1,63.5,56.1,4.76,14,1,48.2
74.5,76.7,71.3,13.25,14,9,69.7
52.2,54.4,37.2,8.42,10,1,43.2
91.3,90.1,82.5,45.74,20,20,87.6
60.8,55.7,49.2,2.83,12,5,44.2
43.2,56.3,57.3,51.0,17,26,63.7
66.1,70.2,54.4,37.79,17,1,52.3
54.8,46.2,48.0,9.06,9,6,46.6
77.2,79.7,68.9,33.15,11,3,61.8
47.4,43.7,44.4,2.63,17,12,38.2
53.0,67.1,50.3,70.14,12,3,62.8
28.3,35.9,29.6,16.96,12,2,32.4
66.5,59.8,49.2,9.23,20,12,50.0
20.0,46.2,33.8,11.01,12,3,30.4
52.1,40.1,37.9,3.37,10,1,36.7
86.7,74.6,69.8,92.84,16,4,75.1
73.6,68.0,57.1,2.8,16,7,61.3
50.1,66.3,54.4,23.28,16,2,51.1
48.6,61.6,47.3,13.69,16,4,41.9
63.8,66.5,53.2,61.49,10,1,59.7
56.9,58.9,56.0,7.65,19,6,49.6
44.7,48.7,53.8,17.19,16,9,42.2
98.3,72.8,70.9,15.17,19,4,70.0
82.6,69.6,61.5,26.27,16,4,62.3
54.5,52.8,46.6,3.41,10,1,45.0
52.6,56.7,52.1,6.31,12,2,44.3
65.3,58.2,54.9,6.83,14,2,53.0
34.7,54.1,55.1,28.8,11,5,43.2
65.5,51.8,47.6,6.19,15,5,44.1
51.2,57.1,59.5,19.04,16,19,53.8
55.1,52.9,52.3,6.85,16,1,52.8
76.5,65.2,67.8,41.56,11,6,67.9
96.7,82.9,69.1,59.01,9,5,80.3
73.6,68.0,62.2,16.62,18,5,65.1
55.5,58.0,62.4,10.69,17,13,67.3
70.2,65.6,69.7,7.33,9,2,60.2
94.0,69.4,68.6,3.02,13,1,69.3
72.9,60.0,57.0,8.25,8,7,58.6
66.2,60.1,50.4,23.24,7,3,55.9
56.4,50.0,53.6,17.25,12,1,54.0
70.8,70.9,64.3,59.66,19,2,64.5
59.5,65.6,52.7,12.09,16,3,50.7
80.1,74.5,67.5,25.67,15,6,67.7
73.4,78.0,67.6,15.44,20,2,63.9
83.7,70.3,67.7,16.37,17,4,65.7
53.2,57.4,47.2,8.23,8,5,52.1
93.2,75.2,68.4,14.14,9,4,66.1
60.8,70.8,64.8,14.73,17,23,61.7
100.0,86.5,81.7,26.53,11,1,79.0
41.4,54.0,52.8,58.48,10,19,53.3
92.8,68.9,70.0,9.99,13,6,59.5
71.6,61.1,66.2,2.86,18,10,56.5
49.5,52.1,46.9,15.72,9,4,47.4
61.6,52.5,48.9,17.73,12,4,53.3
70.8,50.0,56.9,5.69,18,14,48.5
53.2,68.5,63.1,30.58,10,14,56.2
76.3,80.6,73.6,85.9,14,2,74.3
37.0,59.2,47.2,60.29,15,2,42.7
56.9,61.2,51.8,6.39,10,5,48.4
100.0,84.1,88.7,43.65,6,15,78.8
84.5,74.5,72.6,26.38,15,3,73.6
61.7,69.7,56.1,14.1,14,7,53.6
63.9,56.8,61.0,17.56,11,8,61.1
83.2,66.5,68.2,39.89,14,10,71.3
58.9,66.3,59.2,15.08,14,6,53.6
42.3,54.5,49.7,11.34,9,4,41.2
73.4,53.7,60.9,15.59,11,21,57.4
56.5,48.7,50.8,19.31,16,6,47.1
69.8,59.7,57.2,6.19,20,9,55.8
64.1,69.3,53.5,48.23,12,3,56.3
75.0,40.5,43.3,24.43,13,7,48.9
99.8,87.2,80.8,22.06,6,2,78.8
53.3,48.2,39.6,4.1,11,2,38.8
38.0,45.0,47.7,20.54,15,8,39.9
67.8,54.7,57.5,4.58,13,5,51.3
78.4,66.0,69.3,3.64,18,8,59.3
91.2,81.9,73.7,16.99,11,2,71.6
70.2,47.8,50.9,12.31,17,6,49.2
87.1,73.1,63.2,19.77,16,4,65.6
55.8,65.9,61.1,3.87,12,6,60.8
73.6,54.4,54.3,13.28,15,3,51.9
79.9,67.3,67.4,5.84,10,8,65.8
79.6,85.4,84.5,89.01,14,11,82.9
54.7,50.4,42.7,18.47,14,2,42.9
76.8,80.0,68.5,25.26,23,3,67.0
84.0,77.3,72.9,9.87,18,7,68.2
52.0,49.4,43.7,3.99,12,8,43.7
58.0,78.5,65.6,76.49,18,8,65.0
74.7,63.1,63.3,8.74,14,8,53.8
88.7,54.7,56.1,13.03,17,4,58.3
42.6,56.5,52.2,22.99,17,4,51.1
55.3,44.9,35.9,2.5,12,2,40.3
69.8,62.2,60.4,35.24,9,2,59.3
82.4,72.7,71.6,17.38,14,8,70.1
71.7,71.1,58.9,8.52,12,1,60.3
49.4,57.8,54.1,3.27,18,18,53.2
77.7,68.2,58.6,5.55,17,11,56.3
23.9,40.0,34.0,47.08,8,12,33.2
63.6,68.9,70.4,25.17,10,15,63.2
50.2,30.3,32.9,7.75,7,4,32.2
67.6,54.7,61.6,3.36,16,12,53.7
49.7,55.5,44.4,25.46,8,2,39.3
48.7,50.1,45.7,18.99,18,1,49.6
89.8,70.0,67.6,12.37,14,10,65.2
60.2,58.4,46.8,11.04,12,1,48.3
77.1,62.8,71.5,6.89,16,28,70.1
62.0,71.4,59.8,24.15,13,7,51.3
82.2,77.6,66.3,72.58,11,9,71.1
68.6,64.4,56.3,5.86,13,2,52.8
48.6,53.4,48.8,20.18,10,7,45.8
68.8,64.5,61.6,13.04,12,1,56.3
60.4,59.8,61.9,13.84,12,12,61.2
36.6,46.0,42.8,7.86,11,2,40.3
53.9,64.4,59.8,36.87,18,8,61.0
79.5,78.6,69.6,15.28,11,2,66.7
68.4,73.8,57.1,17.68,19,1,53.5
77.1,70.3,65.1,9.27,13,5,54.4
70.8,53.4,53.3,6.01,6,2,44.7
75.9,58.0,65.0,3.8,8,9,59.1
84.3,82.2,74.4,27.04,16,2,71.8
70.9,66.4,64.3,6.37,11,3,57.7
60.7,72.1,57.9,25.43,11,6,57.4
73.9,73.1,62.8,11.9,14,3,68.1
61.0,72.0,61.9,12.75,13,3,55.3
71.3,54.6,61.8,14.67,12,11,59.7
59.1,55.9,48.9,11.17,10,2,47.7
72.5,57.8,53.1,4.12,11,1,51.0
69.3,64.0,60.2,9.41,11,3,60.3
93.6,70.0,63.3,23.8,7,4,70.6
53.9,71.1,65.5,23.92,18,5,58.9
85.3,63.8,57.9,8.74,12,3,60.9
73.0,55.3,49.8,14.33,14,10,53.5
58.3,61.9,52.3,6.3,16,1,49.9
45.1,39.5,44.1,6.72,14,4,39.0
80.5,68.5,65.4,2.47,15,3,58.3
68.0,68.5,65.3,47.41,11,7,63.5
72.4,67.0,71.0,6.73,11,21,62.7
24.2,34.6,29.2,7.16,13,5,30.7
100.0,79.8,81.7,8.56,9,27,78.5
63.1,55.3,41.7,4.73,13,3,40.4
86.8,74.0,67.5,22.39,20,1,63.8
44.1,44.8,44.4,3.56,11,2,27.8
67.3,68.2,61.5,4.88,11,4,55.5
58.9,53.2,51.0,22.7,10,3,49.3
45.5,66.5,58.2,10.3,18,1,51.2
88.5,82.2,75.1,26.62,8,4,80.0
62.6,56.7,51.0,18.3,8,3,52.4
68.9,74.4,59.2,7.91,9,1,60.2
75.7,73.6,73.0,23.04,12,3,61.0
75.1,68.5,70.4,4.47,17,14,62.6
72.6,67.1,56.4,17.38,15,3,55.6
76.0,67.5,59.6,13.49,10,8,56.9
87.1,82.2,79.7,8.24,7,6,69.9
61.9,56.2,47.4,20.53,10,4,42.9
77.4,69.2,69.4,43.01,13,2,62.1
86.9,72.1,55.7,100.0,14,3,70.0
69.5,71.7,69.7,20.72,8,6,63.6
84.4,69.5,66.6,12.37,15,3,61.6
58.1,67.1,56.5,7.1,11,2,53.2
49.4,50.0,42.3,7.94,12,1,45.2
100.0,80.4,89.2,15.06,14,14,80.4
41.4,51.4,46.4,11.15,15,4,44.4
62.6,65.5,55.5,51.03,11,7,56.4
60.6,52.8,42.9,11.19,17,5,43.1
51.8,64.3,60.0,11.35,10,13,56.3
64.5,69.5,60.9,11.68,13,5,64.5
74.3,62.8,53.2,38.23,16,5,62.9
65.8,59.5,61.5,23.04,12,16,60.8
85.7,76.0,69.5,21.05,19,8,69.1
77.3,70.5,62.3,10.13,15,1,65.0
65.0,68.6,61.5,36.06,14,2,63.1
80.6,61.4,69.0,2.78,12,10,53.2
78.9,77.9,77.3,42.93,10,12,70.6
50.8,58.6,48.0,16.38,10,5,49.0
72.4,67.9,63.3,12.16,8,5,53.6
78.5,76.6,70.0,15.75,17,7,63.7
56.9,65.1,50.3,24.02,11,4,50.0
82.8,65.5,66.4,2.26,15,8,60.6
55.0,63.7,60.0,43.04,18,1,56.1
66.5,62.8,67.0,13.84,12,21,60.7
56.1,60.1,49.1,10.4,17,9,52.5
56.3,63.1,56.3,4.98,13,7,51.4
51.7,52.2,41.2,13.58,10,3,41.4
46.5,32.1,35.5,15.72,8,2,29.0
93.6,69.4,69.5,12.34,9,4,69.9
49.7,44.6,42.7,24.71,15,7,40.4
54.4,51.6,47.5,12.93,9,7,42.3
39.3,46.4,38.6,67.1,10,3,44.9
59.6,58.1,53.4,20.29,14,6,49.3
39.9,47.4,41.9,34.95,16,11,41.6
89.2,78.3,64.3,4.32,19,1,65.6
82.1,74.4,72.1,12.13,12,4,65.5
55.4,48.2,46.6,10.22,17,9,53.1
78.3,75.4,68.5,18.86,9,5,65.6
80.0,74.7,70.1,41.48,12,7,71.9
78.2,63.2,61.8,3.63,13,5,51.1
27.1,41.5,42.0,3.51,14,30,36.1
89.2,87.5,68.7,39.98,7,1,69.6
48.5,42.8,38.4,6.79,18,5,34.6
44.5,53.4,45.4,24.1,27,1,45.8
88.9,70.9,63.0,17.66,18,2,67.3
84.9,81.7,70.6,37.78,11,3,72.9
90.2,61.2,69.0,4.67,14,2,60.9
77.6,64.3,63.2,4.78,13,21,59.4
72.2,65.6,65.8,18.28,16,19,67.2
79.7,76.3,75.1,60.52,19,3,80.8
83.9,57.7,59.6,12.72,16,7,58.3
75.9,62.7,56.8,9.92,7,5,59.4
57.3,51.9,56.7,20.66,14,11,53.1
70.7,70.6,64.5,55.31,11,7,69.0
53.9,60.7,49.1,38.27,16,1,47.2
61.7,64.3,60.2,100.0,14,9,61.2
41.9,42.7,38.8,2.46,13,9,38.4
62.4,51.3,45.3,4.4,9,5,49.5
60.7,53.9,56.1,20.8,15,15,50.7
48.9,57.3,51.6,36.36,10,15,45.5
58.6,46.5,45.6,8.72,14,5,42.0
81.3,71.3,68.1,7.47,15,6,67.4
79.3,72.2,81.6,32.93,8,35,71.3
52.8,40.3,43.7,3.16,11,3,35.0
56.0,58.8,49.4,11.22,15,3,48.9
71.4,66.0,60.6,16.1,15,2,57.6
71.1,50.1,58.2,18.44,15,14,56.8
64.0,52.6,54.3,28.08,16,9,48.6
82.9,73.5,63.5,10.77,12,1,61.4
50.2,53.1,55.3,20.97,19,25,57.2
70.7,60.9,61.6,19.61,10,9,54.2
53.0,48.4,42.7,17.86,10,12,49.8
66.3,61.1,52.7,22.46,17,1,49.4
77.9,64.3,50.8,8.01,11,5,57.5
49.7,55.2,45.0,3.77,13,8,43.2
68.6,65.0,55.7,4.54,15,5,50.4
60.2,55.5,56.9,7.09,7,7,49.5
75.4,64.4,66.8,15.87,12,11,64.1
75.6,65.7,57.9,38.71,16,3,60.5
82.3,68.1,71.6,26.17,7,12,71.7
75.3,64.5,62.3,33.12,7,2,65.9
70.6,59.8,54.1,10.65,10,2,48.7
59.4,58.9,45.3,12.37,11,1,42.8
65.9,62.4,54.9,12.01,13,3,48.8
64.6,67.1,57.8,6.26,13,3,51.9
68.0,50.1,48.7,3.26,11,11,52.0
51.0,45.5,45.7,19.88,13,7,45.8
66.5,56.5,54.0,92.6,18,4,56.3
48.8,36.7,40.2,5.65,10,7,36.9
89.8,74.6,68.9,2.96,7,1,70.2
36.1,50.2,43.3,32.24,12,2,48.9
44.8,51.6,45.7,7.82,12,7,44.0
57.2,63.6,57.5,37.4,13,7,47.6
60.5,68.1,60.4,26.34,9,10,60.3
69.0,67.5,57.8,60.25,13,4,65.8
81.2,80.8,78.9,12.52,12,8,72.6
81.5,53.8,49.3,23.69,10,8,56.4
87.4,67.0,78.2,14.5,8,21,72.3
51.9,54.9,44.6,21.92,22,2,41.4
94.1,88.7,76.8,13.94,25,5,72.2
56.3,40.3,42.9,6.18,18,6,39.2
83.0,57.9,64.5,16.18,20,40,68.5
60.8,66.8,53.2,17.04,15,2,50.9
56.5,63.7,51.9,35.28,10,5,55.7
57.4,59.4,50.9,28.6,12,3,52.5
67.8,62.2,54.1,23.8,22,5,60.7
69.6,61.4,61.9,4.41,10,2,55.2
71.5,58.9,61.0,27.5,7,1,51.1
68.9,66.5,52.6,15.88,9,6,57.6
76.5,84.7,73.9,46.91,12,3,80.9
64.1,56.5,54.6,52.48,12,2,58.4
39.2,39.5,37.4,3.13,16,3,31.3
47.6,55.7,43.3,36.37,12,1,42.5
96.2,78.1,81.3,2.77,13,19,72.1
60.1,50.6,46.0,11.15,16,6,52.9
87.0,84.0,77.1,17.63,18,11,73.1
84.8,67.1,59.0,5.21,10,4,56.8
56.0,56.1,56.2,29.43,14,15,53.9
70.0,70.9,57.1,2.17,14,5,55.6
77.0,70.6,64.4,5.69,17,6,66.8
54.0,58.1,46.4,19.39,15,5,44.4
66.3,56.3,56.6,27.06,17,9,59.3
59.4,52.9,47.5,51.69,10,6,52.3
52.1,61.8,52.5,26.45,15,2,55.6
47.9,58.4,51.9,24.28,16,1,54.5
46.4,50.4,51.8,12.03,17,6,46.0
48.1,46.7,32.9,2.03,8,5,35.2
55.6,52.5,42.7,4.56,14,1,43.0
79.7,71.2,63.9,17.3,19,4,62.4
31.4,54.6,45.4,24.49,17,5,37.3
64.9,67.9,57.0,12.81,13,11,62.6
79.3,66.2,56.2,28.24,12,1,60.0
47.1,43.4,40.1,16.76,9,3,35.2
66.7,64.6,62.3,3.54,14,11,50.2
76.6,60.0,60.9,6.26,5,7,48.8
32.3,46.1,39.3,38.65,7,3,42.5
89.2,84.9,81.8,27.81,14,12,75.9
87.2,74.3,70.2,47.03,14,5,69.6
57.3,42.8,43.2,4.5,10,5,42.7
64.0,71.7,76.1,94.55,14,24,72.4
75.4,65.7,60.7,6.7,16,19,62.5
66.0,60.7,60.9,2.24,12,3,54.4
66.0,70.0,50.3,100.0,11,1,59.9
58.7,54.7,45.0,8.6,16,3,40.1
69.2,69.1,58.4,24.05,12,1,55.6
45.3,42.1,39.9,5.89,8,1,39.0
55.6,61.6,41.3,19.36,13,4,44.9
62.8,54.2,58.9,48.88,16,18,63.2
60.0,61.1,62.6,9.72,11,13,64.6
77.9,75.2,71.6,24.19,15,5,69.9
88.3,65.2,62.0,6.16,14,6,66.1
69.5,64.8,55.7,21.61,10,1,58.4
43.5,49.4,39.2,10.2,8,2,37.3
54.5,60.4,48.9,6.75,16,1,48.2
67.8,64.4,56.9,9.51,8,9,63.0
70.8,69.8,56.6,5.94,15,1,54.3
80.4,88.3,82.6,48.44,13,13,76.9
60.7,66.2,59.6,12.12,8,7,52.2
51.1,60.9,52.4,7.63,12,2,47.9
60.0,58.8,52.3,13.9,14,2,46.8
65.7,60.8,59.9,9.73,12,7,61.1
60.3,67.4,68.0,29.28,12,15,63.9
66.6,74.1,58.9,72.96,13,8,69.4
69.0,74.3,60.2,13.53,11,3,58.7
57.7,56.0,50.7,41.47,17,6,48.5
42.0,50.5,42.5,18.69,13,3,37.0
41.8,36.2,44.5,5.42,11,40,38.8
65.0,75.0,70.3,25.46,15,9,66.8
51.0,47.1,52.5,16.41,13,6,48.1
45.3,40.5,38.8,23.03,13,4,40.6
75.1,66.4,62.6,46.09,7,6,58.6
91.7,81.0,76.8,13.61,15,3,72.2
67.0,69.3,51.5,48.29,13,1,54.8
74.8,70.9,63.8,29.78,14,4,64.7
66.2,70.7,73.1,15.41,20,17,67.5
61.0,57.4,51.3,20.49,11,7,47.3
76.6,70.8,57.3,9.88,16,1,61.5
62.6,60.5,59.6,84.21,11,14,70.8
60.8,67.7,56.8,24.01,11,2,59.0
61.4,58.2,47.8,2.9,6,2,46.8
44.5,53.9,53.7,9.91,18,3,45.2
66.1,78.3,65.2,21.53,11,6,63.1
52.8,52.3,43.0,3.16,14,5,40.1
55.7,52.2,47.8,2.48,14,5,45.9
65.4,63.0,62.6,13.96,13,8,53.6
56.5,51.2,46.7,10.09,8,3,38.4
65.7,54.4,57.0,13.54,7,10,54.0
49.1,55.6,43.3,8.1,9,2,43.4
85.4,69.4,75.0,5.6,16,10,65.2
78.1,76.9,72.1,25.37,11,7,64.3
56.7,62.4,60.6,16.45,13,8,56.4
79.8,74.3,69.0,6.47,8,5,61.1
77.6,74.0,71.3,9.7,8,7,65.2
73.6,64.9,54.4,19.92,7,1,62.1
55.0,65.5,58.3,3.5,15,12,56.6
32.3,48.3,43.0,5.19,16,1,32.7
47.0,44.2,45.1,3.52,16,1,35.0
59.7,63.7,52.1,35.46,11,6,55.5
53.3,56.7,53.7,29.92,13,9,47.4
52.9,52.8,43.8,29.99,16,1,38.8
62.6,69.5,64.2,27.2,16,16,64.5
74.6,74.2,78.1,24.14,14,23,73.5
63.7,71.2,66.8,14.96,19,6,62.6
73.3,70.9,65.7,22.56,19,5,64.0
60.5,55.8,52.7,2.78,11,9,49.4
46.7,48.3,44.5,21.43,16,3,40.6
42.4,59.7,48.0,32.09,15,5,50.4
66.9,68.2,68.9,15.88,10,16,68.8
57.5,48.3,60.9,10.85,11,20,51.1
77.2,65.5,60.5,8.5,16,17,57.1
84.8,73.2,69.5,22.59,7,2,62.7
77.8,78.0,61.3,25.61,12,2,61.1
70.3,55.5,57.6,42.95,13,3,57.6
74.5,77.7,65.1,10.38,7,4,55.9
59.3,69.7,53.6,31.37,20,3,57.8
57.1,61.7,55.9,18.48,11,3,55.0
66.3,61.1,58.3,44.88,19,6,52.6
63.8,66.1,57.0,17.01,9,9,53.2
51.8,62.9,51.1,16.58,14,9,51.5
64.9,60.9,58.6,19.25,11,11,56.0
62.3,63.0,49.2,29.67,15,1,54.4
59.4,62.4,48.6,68.87,12,1,55.6
78.9,63.6,64.3,3.53,9,10,64.4
70.7,64.2,55.3,3.1,16,5,53.2
91.2,82.0,77.3,57.47,19,6,74.9
50.8,53.9,51.6,17.1,11,1,43.4
38.7,33.2,30.2,21.09,9,2,33.9
74.4,70.6,65.6,15.17,16,7,62.7
44.7,44.7,53.9,3.97,15,13,47.0
50.4,66.1,57.1,31.23,11,16,59.4
44.4,60.6,55.3,29.51,13,5,44.6
43.7,33.4,38.2,9.47,9,5,30.5
82.9,62.2,68.7,9.31,6,12,59.4
66.8,70.5,67.1,38.38,10,5,61.3
54.0,44.7,44.4,3.5,13,5,39.9
28.8,37.7,36.5,44.59,9,15,41.9
46.2,57.0,56.1,7.93,16,10,53.7
75.2,65.4,71.6,19.98,14,15,64.4
38.5,44.3,41.8,56.98,14,2,42.4
66.0,80.3,67.8,24.67,17,5,63.1
61.2,62.1,56.9,12.7,11,12,55.2
66.8,69.6,59.8,25.39,12,1,59.6
66.6,56.3,60.2,10.43,13,10,57.6
49.7,51.4,48.5,8.49,11,2,47.0
78.8,79.2,72.1,100.0,13,11,67.2
57.0,52.9,50.8,29.79,12,6,49.6
67.2,58.0,47.6,22.7,16,2,55.5
65.2,56.7,56.6,10.78,21,4,50.7
59.9,63.0,54.4,3.01,17,8,56.1
60.6,49.9,52.5,2.63,14,7,46.3
51.5,66.3,50.4,18.16,13,4,51.8
90.2,80.7,84.1,30.71,16,15,74.8
37.0,48.2,42.5,17.42,12,5,36.4
30.6,52.5,39.0,38.75,5,5,44.2
79.7,78.5,70.4,2.68,9,1,68.3
71.6,64.2,63.7,11.14,8,16,60.6
63.2,48.1,48.9,7.41,16,2,41.4
81.5,70.6,64.6,13.86,9,5,63.1
44.3,52.6,42.4,3.5,12,11,46.7
89.0,82.7,69.1,63.64,10,2,81.2
76.9,68.7,61.8,7.05,18,5,58.6
59.6,65.4,60.8,53.1,13,2,54.4
80.2,86.5,81.0,13.1,9,9,77.3
49.4,70.9,65.0,86.71,17,6,63.0
74.9,68.9,73.9,18.15,19,12,69.9
73.5,61.2,61.4,55.42,8,14,65.1
65.7,70.9,62.4,2.11,15,7,55.2
85.6,88.4,77.6,29.59,11,8,76.6
66.6,63.1,54.8,48.67,10,5,63.1
61.2,54.2,42.3,5.01,12,3,44.0
77.0,64.9,62.3,4.02,9,7,55.1
60.2,55.3,52.1,13.05,11,15,45.9
86.8,85.4,75.2,56.26,10,4,74.6
51.6,59.1,58.6,17.63,13,3,50.5
56.7,47.6,43.1,16.99,15,4,46.5
75.6,54.3,54.6,5.04,11,4,48.0
57.3,41.1,43.2,2.02,15,1,44.9
57.1,60.0,54.4,35.23,10,5,49.4
85.2,68.3,66.4,3.83,10,5,70.6
58.8,53.5,48.9,22.09,10,6,55.0
45.9,51.7,43.4,51.21,16,3,47.4
71.5,67.6,58.2,6.68,12,6,51.4
95.0,81.2,83.6,23.89,10,13,78.2
67.5,70.3,64.1,3.64,16,20,60.3
91.9,75.2,75.6,20.51,11,6,66.9
51.8,44.2,34.5,5.58,15,1,37.6
55.7,48.8,60.2,28.63,16,22,52.1
74.8,83.8,72.4,9.17,9,8,66.1
65.2,63.3,51.1,14.45,9,3,51.7
55.6,53.1,48.7,20.3,16,1,45.1
72.3,71.3,65.2,5.76,12,1,67.3
74.5,71.6,61.0,29.07,15,2,60.1
79.5,61.1,60.0,9.21,14,1,58.2
88.2,71.9,65.1,23.72,9,15,68.3
44.0,51.1,39.4,5.45,6,5,41.0
77.3,67.9,70.0,25.3,9,8,66.8
65.1,55.2,55.1,4.74,15,11,54.8
73.1,61.6,53.8,13.08,10,10,56.4
94.0,72.6,72.6,7.68,7,14,70.5
71.6,70.0,69.4,29.6,20,22,68.0
87.4,60.1,59.6,8.08,10,4,57.6
81.8,75.1,75.4,44.69,14,19,71.5
57.1,53.4,51.8,46.48,14,8,52.8
40.4,52.4,41.9,6.37,13,1,40.7
48.3,38.0,45.1,21.03,11,8,42.6
34.8,37.1,37.4,3.84,14,8,34.1
100.0,86.1,87.5,11.94,15,15,80.4
53.3,48.4,48.8,26.99,18,3,46.2
52.5,65.2,54.3,23.54,16,6,51.6
62.5,65.9,50.7,21.6,12,1,54.2
74.7,46.8,53.4,8.64,15,3,48.6
88.6,68.3,64.3,11.5,14,1,63.1
84.1,50.8,55.1,4.17,8,5,56.2
62.9,57.7,54.4,27.39,14,11,52.1
63.1,60.2,50.6,16.02,12,2,53.0
72.1,53.5,56.5,26.67,10,5,54.7
71.5,66.3,62.8,7.73,10,2,65.0
76.8,78.6,70.1,9.84,20,1,64.7
69.1,61.9,60.6,10.14,18,5,58.6
69.1,70.8,62.7,2.52,12,1,58.0
77.3,56.7,57.5,10.34,7,6,50.2
91.3,70.3,64.9,34.52,15,1,64.7
62.8,56.0,54.7,47.52,13,1,57.8
27.7,57.8,43.1,16.61,10,5,40.1
67.3,67.2,62.2,14.16,13,6,50.9
63.2,54.1,45.7,2.63,17,1,45.4
61.9,61.2,53.1,44.27,10,6,52.3
76.6,64.2,64.0,2.26,10,12,60.3
80.1,77.6,68.2,59.92,7,8,77.7
55.1,62.6,55.1,15.44,9,1,54.4
73.4,65.2,55.7,10.37,20,6,61.6
82.2,79.4,72.7,53.6,11,7,72.0
85.8,58.8,57.9,2.49,14,1,55.0
99.6,85.0,75.9,19.42,13,12,73.1
68.3,68.8,65.6,17.92,15,15,60.3
35.5,35.0,38.1,6.95,15,12,31.1
74.8,61.9,64.1,13.2,12,11,55.4
68.4,72.2,65.0,23.13,12,9,67.9
92.0,74.6,74.7,27.98,11,7,64.6
75.9,64.6,61.5,2.01,9,7,62.7
57.2,59.3,56.5,57.25,12,11,62.8
63.0,39.0,44.3,5.6,11,7,43.5
62.5,52.9,52.8,7.32,11,3,44.7
59.2,50.9,44.4,8.12,16,3,38.8
52.0,47.7,48.1,2.77,13,14,42.9
76.1,69.8,58.8,4.63,10,1,59.9
90.9,85.4,77.4,87.88,15,8,80.8
55.4,73.3,75.5,9.57,12,20,61.8
64.4,47.9,52.0,4.45,11,8,51.7
81.5,48.8,60.1,4.26,7,32,64.3
78.6,81.0,70.6,27.42,14,8,69.2
47.6,51.2,44.7,40.56,11,1,46.4
65.9,59.2,55.0,7.94,11,11,48.2
65.9,53.2,47.3,2.42,16,3,45.2
56.9,62.8,59.6,7.05,15,4,55.1
75.6,70.5,60.5,3.16,12,3,59.9
67.4,53.1,53.7,4.18,14,2,47.6
82.5,65.2,67.2,13.3,15,4,61.3
57.1,52.2,44.4,7.23,14,3,42.7
50.5,62.1,50.5,16.51,13,7,49.2
86.0,67.3,67.4,7.85,15,11,65.7
72.9,56.8,49.7,58.45,9,3,49.7
100.0,80.2,74.8,49.28,20,2,76.5
50.4,58.6,51.1,18.73,13,7,50.8
70.1,68.3,64.1,10.75,9,7,58.0
61.4,72.1,73.2,11.6,12,15,62.9
49.6,42.6,41.8,12.62,9,1,37.7
36.0,50.2,48.3,28.01,15,12,43.7
59.0,43.6,36.0,14.02,8,5,40.0
76.5,80.6,72.8,40.86,7,6,72.1
43.8,74.0,62.8,59.68,15,1,54.0
91.2,79.9,61.1,10.19,14,4,67.9
41.3,61.1,51.0,18.45,14,2,46.7
73.6,55.2,52.1,4.0,10,2,57.2
70.1,73.9,61.4,6.47,14,5,55.6
93.3,80.5,81.4,12.67,10,11,72.3
77.2,77.8,78.3,6.62,10,9,68.7
79.4,90.5,80.8,43.84,19,6,79.9
92.5,67.5,65.1,5.45,15,5,56.4
76.2,70.4,59.9,14.16,13,4,57.1
69.0,61.6,68.6,20.61,18,23,65.6
57.0,59.5,57.0,25.54,9,6,50.6
53.7,57.8,47.8,11.66,9,2,51.7
68.7,62.5,54.7,42.67,12,2,55.8
51.7,47.7,56.4,18.8,10,6,45.3
63.4,56.0,56.8,13.58,9,5,54.4
53.1,64.0,56.9,3.39,12,1,56.6
73.3,75.2,64.2,14.5,16,11,65.3
62.3,75.3,62.7,36.38,11,8,67.9
90.8,75.8,72.7,21.07,15,7,76.4
49.2,48.6,38.0,37.7,9,1,39.4
51.0,54.2,53.5,15.62,13,3,51.5
47.1,52.5,59.1,4.52,16,17,45.0
40.5,39.2,39.3,2.27,8,13,38.1
63.2,56.7,58.8,9.23,13,3,52.1
58.7,66.1,55.5,25.95,12,2,59.3
82.3,81.2,82.1,33.24,11,4,79.2
79.4,67.2,62.5,9.01,17,3,61.8
46.5,47.7,47.4,15.69,15,8,45.1
90.3,77.3,87.1,12.93,14,21,79.6
99.5,61.4,68.6,12.57,15,3,64.6
61.8,65.8,57.5,7.26,10,1,53.6
47.0,56.2,53.9,4.93,13,15,54.2
57.8,50.2,47.3,6.38,11,1,49.9
54.4,55.6,55.1,3.14,11,19,50.7
77.7,71.5,67.1,6.42,12,7,63.8
85.1,73.2,71.6,2.18,9,18,68.3
84.5,77.6,61.7,21.74,9,2,59.3
70.9,49.4,48.2,9.61,19,1,46.1
55.7,53.8,54.3,74.35,16,5,61.3
73.9,60.5,60.9,6.31,12,4,53.4
28.9,39.2,32.2,10.49,11,3,38.4
60.3,68.0,74.9,10.86,12,20,68.7
40.2,51.0,45.0,2.17,11,11,43.3
52.0,62.4,47.0,38.55,19,7,53.8
50.3,40.7,29.5,2.65,9,2,30.0
76.3,75.8,65.2,58.33,17,9,68.9
55.8,64.7,60.8,46.53,12,8,64.6
48.4,54.1,44.4,17.34,12,4,42.5
24.5,25.9,33.1,17.69,7,16,33.5
66.3,68.4,65.4,23.21,10,2,55.6
95.9,86.8,72.9,11.79,18,2,68.6
75.3,76.7,67.4,22.84,11,1,71.7
61.0,54.1,55.8,2.92,16,10,50.5
64.0,46.7,44.2,3.11,13,6,41.9
68.2,56.5,58.2,14.22,13,3,58.3
56.6,48.9,43.6,17.95,13,2,48.3
91.7,65.4,61.3,45.75,11,1,68.3
74.9,63.8,66.6,4.21,14,2,56.8
85.3,71.8,68.9,36.59,12,4,67.2
57.7,55.7,52.8,6.72,21,2,49.4
63.6,59.2,58.0,12.02,14,2,55.5
56.4,47.9,48.0,9.61,13,13,44.5
55.0,55.7,55.2,12.22,13,5,50.6
53.7,58.6,52.0,5.26,8,9,50.2
71.8,77.1,62.6,16.01,11,1,66.5
89.5,79.5,70.8,34.35,15,3,74.2
57.3,54.7,47.6,13.65,12,5,42.1
93.6,73.4,71.9,15.49,13,2,67.7
59.3,64.7,55.3,39.78,18,1,52.8
70.7,65.9,63.0,26.49,18,13,64.0
56.8,52.6,59.3,15.48,17,18,56.9
23.5,40.1,29.4,7.96,14,1,28.9
79.9,67.8,61.2,45.24,17,3,63.0
67.4,68.4,70.1,19.21,12,20,65.4
56.0,57.7,51.1,7.0,6,1,48.5
67.5,59.9,58.5,8.27,18,7,52.4
74.6,68.4,72.1,34.5,12,23,65.4
33.6,40.7,50.6,2.9,12,24,35.0
66.0,59.0,53.4,98.8,14,4,63.0
80.7,71.7,61.8,4.79,12,2,62.2
41.8,47.1,34.1,33.8,13,2,40.3
56.8,65.9,66.1,12.04,15,14,63.5
44.8,50.9,50.8,15.55,14,15,42.8
68.0,64.4,60.1,44.51,9,6,54.8
65.4,60.9,62.5,12.65,11,9,58.3
39.5,41.3,38.2,17.42,10,9,38.7
65.2,75.3,60.2,3.01,13,7,52.8
51.6,43.9,46.1,2.05,18,11,43.5
51.2,48.2,47.8,7.62,12,8,42.8
72.9,59.5,55.9,24.83,14,5,53.2
75.5,62.4,63.4,4.59,12,2,56.1
64.2,56.6,45.5,4.42,17,9,39.4
50.6,62.8,57.2,12.59,6,4,49.8
81.5,67.9,66.1,22.87,12,3,61.0
72.9,67.4,66.5,26.9,14,10,65.6
74.3,65.8,49.5,5.93,17,8,53.5
60.5,48.0,59.9,3.66,6,18,54.0
62.5,61.4,49.6,58.4,9,2,47.0
63.1,55.4,51.2,8.04,9,7,46.7
41.2,52.4,42.3,40.39,20,2,46.4
41.4,44.5,47.7,41.83,13,15,45.6
70.2,73.8,65.0,31.61,19,1,66.4
79.4,69.2,69.1,5.7,7,7,57.0
41.8,36.2,41.4,36.5,12,10,42.9
42.6,51.9,44.6,31.33,12,3,42.3
78.4,71.1,75.3,20.16,24,19,67.3
89.1,77.5,71.6,10.23,20,12,73.3
64.2,66.0,54.5,8.09,9,3,57.7
55.4,39.2,41.5,4.6,14,1,41.8
50.4,56.9,51.9,16.26,16,3,55.5
78.0,74.7,69.0,19.6,21,3,70.0
66.8,40.8,47.5,10.91,17,14,43.4
60.9,47.1,60.4,14.9,14,22,54.3
57.7,60.3,46.6,11.04,21,1,46.4
53.6,54.0,52.5,22.49,13,4,56.3
64.4,74.0,62.4,48.31,9,5,68.1
98.6,82.0,81.2,5.58,11,1,73.4
67.9,66.1,52.4,11.61,12,3,57.0
63.3,57.5,59.2,5.04,13,3,48.0
70.1,60.7,55.5,21.61,14,5,56.3
36.9,35.1,33.0,28.1,12,7,31.1
89.8,67.7,68.7,55.74,12,8,64.8
51.7,58.9,46.1,8.54,9,1,48.4
75.5,68.8,66.5,62.0,19,11,72.1
92.0,79.1,71.7,3.31,10,7,70.8
67.2,61.9,59.6,20.48,17,14,57.7
39.4,54.9,47.1,3.18,16,4,38.1
55.4,68.5,59.7,46.84,11,14,57.3
72.8,78.3,69.9,17.09,14,13,64.2
61.7,70.3,54.5,24.13,19,4,55.7
43.8,47.8,39.4,37.63,12,3,46.0
85.5,72.1,80.1,5.26,9,17,74.8
57.3,50.3,45.9,2.79,10,8,38.9
93.7,86.4,82.5,44.22,13,17,80.1
71.4,72.2,67.9,9.56,10,10,60.7
51.7,53.6,47.2,4.76,15,6,36.1
97.3,69.1,75.3,14.64,9,1,70.8
60.1,62.2,53.5,20.24,9,3,51.9
90.2,69.1,78.5,2.63,9,22,70.7
69.8,62.1,60.3,8.43,11,3,60.4
53.2,52.2,48.9,2.67,10,1,44.6
64.6,59.0,57.3,12.91,15,8,52.6
89.6,74.1,71.6,47.09,12,9,74.8
59.4,72.6,68.3,83.09,23,3,70.7
56.2,56.8,49.5,22.27,10,3,50.2
51.2,55.5,46.7,5.53,7,4,47.4
73.6,72.3,59.8,49.26,14,1,63.3
100.0,81.9,73.2,16.52,11,10,73.9
50.1,44.8,44.5,5.34,21,3,40.9
70.3,66.2,55.1,52.95,15,12,59.3
97.9,75.9,76.0,30.33,8,10,72.7
66.9,56.0,53.7,28.31,9,7,58.7
73.8,67.4,69.7,26.7,15,3,70.8
38.0,45.0,32.2,6.47,15,5,39.8
50.0,66.6,51.2,6.74,14,4,45.3
65.5,69.3,59.2,25.31,20,3,53.7
78.0,63.6,64.1,6.96,18,12,56.3
77.5,82.8,69.9,13.55,21,5,68.3
96.9,84.6,81.8,32.47,12,12,70.1
72.6,64.1,52.2,32.65,8,1,54.2
78.6,69.6,63.4,14.08,20,1,65.9
68.4,64.5,60.9,33.42,15,24,66.6
54.1,60.5,53.3,38.48,10,6,52.1
77.7,64.0,58.4,23.27,10,5,57.5
59.1,51.6,52.8,7.19,9,5,50.0
71.6,66.1,65.8,8.4,19,2,62.4
79.6,71.8,66.5,9.56,13,8,61.9
45.7,41.0,42.2,4.48,13,1,36.5
81.6,73.5,66.8,8.38,11,6,62.2
83.5,65.9,60.2,6.7,12,6,54.9
67.2,54.9,66.3,14.15,14,16,57.6
33.1,51.0,44.0,49.81,13,5,43.8
41.8,45.7,38.5,4.21,12,1,32.2
79.7,64.3,64.9,27.48,10,6,64.9
71.0,66.9,59.6,25.25,16,1,60.4
48.6,46.0,40.7,4.01,11,2,41.3
56.0,58.6,44.5,53.17,7,1,48.4
84.7,68.1,63.9,18.81,8,5,56.2
67.0,67.3,60.2,11.04,13,1,58.3
49.3,58.7,49.4,30.26,17,4,47.3
58.6,62.2,65.7,7.95,7,17,55.1
55.6,52.5,51.8,25.65,14,8,45.6
44.4,49.6,37.9,2.81,11,1,36.8
86.2,84.2,68.0,38.58,14,2,77.1
64.4,54.8,52.5,13.89,14,7,49.1
82.0,69.1,68.2,22.25,9,14,62.8
88.8,79.7,72.0,7.0,15,1,70.5
93.5,67.9,67.8,24.61,11,11,68.5
56.2,57.7,49.8,31.59,17,6,43.8
72.9,70.0,67.4,14.82,12,5,64.7
60.6,62.7,65.4,21.23,12,20,68.2
45.6,42.7,39.6,14.19,8,9,30.3
64.9,78.2,70.4,46.9,17,12,65.3
44.7,47.2,46.8,15.78,10,3,32.4
84.5,74.0,69.7,38.88,10,5,69.2
77.3,60.5,61.6,34.32,9,6,64.1
62.1,66.7,54.3,12.57,15,3,54.2
65.6,71.7,67.1,7.23,11,6,65.6
60.9,50.5,56.0,12.42,14,2,52.2
76.4,75.0,61.6,37.0,15,1,70.2
60.5,58.1,47.1,7.17,11,3,51.7
87.5,69.4,69.6,16.87,10,9,65.3
26.7,54.0,52.2,34.81,7,16,48.1
47.7,64.0,52.4,10.72,4,4,46.7
88.2,75.7,67.5,22.56,16,7,67.4
59.8,58.9,50.5,7.64,15,1,48.9
43.0,44.6,48.9,4.31,21,15,42.6
48.1,63.0,51.8,33.63,9,6,57.1
72.1,57.4,60.9,4.08,9,10,54.5
71.9,73.3,72.6,8.33,15,10,62.1
63.1,68.4,59.0,40.64,13,2,56.5
66.0,66.5,59.3,10.51,12,5,58.8
72.8,85.7,85.0,74.27,16,20,77.8
71.6,70.2,57.2,79.98,14,1,63.1
56.6,52.4,46.6,8.25,18,8,50.7
78.4,60.9,67.7,2.84,11,21,63.2
68.8,89.2,70.5,26.42,13,3,69.4
56.3,60.6,55.0,13.99,13,13,53.1
42.3,57.5,62.6,4.12,11,17,48.6
78.4,77.9,80.4,26.59,11,9,69.8
59.0,52.2,45.9,2.63,13,2,43.7
41.0,44.3,39.0,42.83,13,3,42.1
62.0,62.6,52.9,4.99,14,1,54.1
57.9,50.5,55.8,4.72,19,11,49.6
68.2,80.0,77.4,5.86,11,12,73.3
84.5,74.3,62.8,66.51,9,7,76.2
63.8,69.8,61.5,25.63,13,3,62.2
77.5,67.6,55.3,34.33,9,1,63.8
44.5,65.5,62.8,12.14,18,9,51.1
53.0,71.4,62.7,10.2,15,8,53.4
68.1,66.6,62.7,7.34,14,15,61.4
75.3,78.6,70.4,15.1,15,9,62.6
83.0,61.0,62.8,18.05,13,11,60.3
40.9,47.5,46.2,21.98,9,9,46.1
84.4,65.4,68.7,7.94,13,7,68.1
72.4,56.4,49.8,61.38,12,4,56.1
79.7,68.9,77.6,5.72,17,15,65.6
72.4,67.6,69.3,69.42,12,7,70.0
90.8,85.3,72.8,2.3,17,4,66.8
49.3,68.8,54.5,15.12,11,1,51.6
71.0,57.2,60.7,10.11,14,3,54.7
59.8,71.1,65.6,13.92,13,5,59.5
64.8,66.9,56.2,18.91,12,2,56.0
63.7,67.8,61.1,13.44,18,2,54.1
32.9,36.1,44.9,12.72,18,5,33.7
61.7,51.9,48.2,28.39,10,2,46.2
47.3,49.4,45.0,25.16,11,10,39.6
89.9,74.9,71.1,37.83,11,5,72.3
88.3,77.5,73.2,7.75,17,6,72.1
48.8,62.8,48.4,20.81,17,1,51.5
69.8,63.5,59.1,19.6,12,3,56.0
61.3,55.7,46.1,11.23,14,4,44.5
86.9,73.9,70.0,15.31,7,11,70.8
52.2,49.5,51.8,9.53,16,10,49.1
56.0,61.6,45.1,5.06,12,2,47.4
80.0,73.8,71.5,6.81,14,6,71.7
89.6,56.8,49.7,4.23,14,2,52.8
71.6,62.2,63.3,24.98,6,28,62.7
78.6,70.8,71.5,23.62,6,19,67.4
38.6,39.5,38.1,62.16,13,6,36.4
76.2,72.9,72.9,28.16,5,8,70.4
57.5,46.6,48.6,3.07,11,10,44.6
30.6,44.2,38.0,45.13,10,8,41.8
74.0,65.6,65.0,41.71,8,8,70.6
92.5,77.9,78.4,13.72,4,20,73.7
56.4,59.8,54.1,19.63,19,6,43.9
89.7,80.0,69.8,76.66,20,7,77.6
86.8,87.5,81.8,17.2,11,12,77.8
76.3,77.7,69.4,49.15,10,7,68.0
95.9,78.8,73.4,3.73,11,9,72.3
73.1,74.3,64.7,6.24,11,2,63.9
72.1,68.0,61.3,13.62,17,3,55.5
40.2,46.7,43.4,19.58,12,1,39.2
61.1,65.3,51.0,35.88,12,5,60.4
57.1,53.8,48.7,90.9,17,4,51.1
97.3,78.6,83.5,11.85,16,37,80.5
46.6,52.9,50.5,2.97,18,6,35.7
57.8,76.8,69.5,34.31,12,10,60.6
80.2,65.7,63.3,20.55,25,3,61.8
64.6,55.0,52.9,6.43,11,11,55.3
84.5,73.7,72.5,15.66,15,6,63.1
45.4,60.7,46.5,29.12,13,8,49.2
59.1,66.3,49.4,31.43,10,3,52.3
38.4,59.3,43.1,15.85,9,5,47.2
45.7,50.1,45.5,9.28,10,7,38.7
51.6,54.3,51.8,74.8,13,6,55.9
56.7,58.7,47.1,23.77,12,16,49.2
58.4,64.2,67.4,12.49,15,15,60.4
58.2,52.4,59.7,8.58,14,22,54.1
62.1,56.1,47.1,28.27,13,7,49.7
51.7,57.4,61.0,7.55,10,22,56.3
53.2,39.8,48.2,5.77,17,11,42.7
83.4,67.6,65.0,17.09,10,2,61.9
59.9,56.4,55.6,8.85,15,4,49.4
46.2,46.8,35.4,21.83,19,2,39.1
57.0,55.9,46.7,4.51,12,1,46.3
56.0,57.8,46.2,23.28,10,2,44.7
81.5,54.4,60.5,8.66,9,1,54.0
88.6,69.0,70.9,2.0,13,8,61.6
42.8,36.5,46.4,4.71,11,4,37.4
63.2,63.5,53.8,56.25,10,3,56.1
50.9,64.2,53.7,42.4,12,9,58.2
72.7,64.0,62.6,7.32,17,11,61.3
77.6,73.3,82.7,32.14,13,23,72.2
42.3,62.3,50.7,20.76,19,7,49.3
52.1,69.7,57.8,72.74,12,4,63.2
54.9,50.6,46.3,11.36,13,3,43.9
72.2,69.0,60.8,24.88,12,2,57.6
59.0,58.5,48.4,3.31,17,2,43.5
88.2,79.0,71.3,12.09,13,4,71.8
53.2,62.7,65.2,68.38,10,30,69.7
47.3,49.7,42.2,17.49,14,1,41.0
49.4,45.7,44.7,8.79,17,2,43.7
29.3,38.0,38.4,4.56,11,2,21.8
30.0,52.2,40.3,26.32,17,8,45.6
63.7,69.6,57.9,22.7,16,3,57.1
78.0,70.0,60.6,11.37,7,4,60.6
41.3,43.1,37.5,62.29,6,1,41.2
73.8,67.4,59.1,2.45,14,4,61.9
58.6,51.7,47.2,9.24,12,1,41.6
53.1,60.8,57.2,52.78,10,5,61.9
91.5,73.2,57.3,9.74,9,1,63.0
80.6,74.9,73.0,7.81,20,10,69.6
58.0,57.8,50.9,17.28,13,6,49.1
60.6,63.5,59.9,36.72,11,8,54.0
25.9,38.7,28.5,4.18,9,4,31.6
64.0,56.8,56.7,59.3,10,3,58.8
63.3,67.9,60.8,33.7,11,1,63.8
48.5,52.5,48.9,6.0,20,5,44.0
63.0,57.2,56.2,26.9,10,5,52.5
65.2,70.9,58.2,11.72,12,4,62.1
71.6,60.4,57.1,12.29,14,9,62.5
47.3,57.3,55.8,32.58,9,11,52.8
61.3,64.3,56.2,67.82,13,9,58.7
79.5,68.2,67.2,4.71,12,1,63.9
45.0,52.6,45.1,12.92,10,6,42.8
92.0,78.4,72.6,15.11,11,1,71.8
77.2,57.4,67.0,11.44,13,8,58.5
62.0,64.1,52.9,11.03,8,3,57.8
80.4,68.5,62.1,3.07,13,1,56.7
59.0,63.1,64.6,25.14,17,13,61.2
84.4,63.5,66.6,13.46,12,6,60.5
70.6,64.8,57.0,6.33,13,3,54.1
60.2,50.0,43.6,35.86,9,1,45.4
64.9,68.0,59.1,34.45,9,5,62.2
35.7,48.9,53.7,15.33,16,16,49.4
70.5,67.5,60.6,9.09,14,6,60.1
48.0,60.8,62.0,22.33,13,22,56.7
59.5,63.8,52.0,8.8,14,1,51.3
70.7,55.9,57.6,7.38,14,6,56.5
40.2,50.8,47.2,28.22,15,10,48.8
72.9,61.7,54.2,2.82,13,5,44.1
74.5,53.1,47.2,3.99,12,1,47.0
62.0,58.7,46.4,2.14,11,6,46.9
50.8,61.6,50.0,5.32,10,6,50.7
82.3,70.5,71.5,3.43,16,9,64.9
40.2,60.2,56.9,100.0,14,9,59.1
71.0,73.5,70.6,8.82,13,10,60.8
66.5,62.7,60.7,5.23,12,7,56.6
39.7,43.9,36.9,7.51,9,2,38.8
90.2,88.0,80.8,57.02,7,4,75.8
46.3,40.3,42.9,16.69,12,10,49.3
64.5,67.6,75.3,11.08,12,19,69.4
82.2,81.8,69.9,43.33,17,1,71.3
61.3,53.2,55.6,12.05,16,5,47.6
86.3,70.3,69.1,10.16,11,3,64.0
58.9,61.2,55.6,6.65,13,2,51.5
73.8,60.0,49.4,11.49,16,5,53.9
74.1,57.0,60.0,9.62,14,6,60.7
65.6,64.5,55.2,24.62,20,1,53.6
69.8,66.5,61.6,8.84,10,10,60.7
78.3,65.2,59.4,19.22,20,11,56.0
50.1,43.8,51.4,3.36,16,21,44.4
78.5,74.1,65.4,6.25,13,2,63.7
58.5,43.3,39.0,12.46,14,6,43.3
75.3,74.8,60.2,57.28,12,4,63.8
81.0,74.8,68.9,11.47,16,3,63.6
44.3,57.8,52.8,23.82,9,6,54.4
61.0,54.5,54.7,7.89,14,10,54.9
35.6,50.3,44.3,4.72,11,1,39.8
57.6,57.8,62.0,3.21,13,22,47.8
52.0,61.0,56.0,9.29,10,11,60.8
77.0,65.6,60.3,5.43,9,9,58.7
91.3,66.7,62.0,5.82,11,9,61.2
89.7,75.9,77.8,30.61,15,4,71.0
38.2,51.9,50.6,2.32,10,9,44.9
78.4,69.8,58.3,18.32,15,4,61.5
43.8,40.6,45.0,11.54,7,15,44.6
47.5,58.5,47.8,16.13,15,2,43.3
79.8,68.9,62.0,18.55,7,3,60.3
89.0,76.1,69.3,9.52,10,5,74.3
42.4,54.8,46.8,8.99,9,3,44.3
58.3,61.6,57.2,28.44,11,4,54.2
59.8,58.0,54.4,43.0,9,5,51.6
65.7,59.4,58.8,6.28,16,12,56.7
48.2,54.7,47.2,4.05,7,5,48.0
59.5,71.0,63.0,47.62,16,3,65.3
59.5,50.5,48.2,10.61,14,2,44.9
69.5,58.0,54.9,18.03,12,4,54.9
76.8,70.1,64.1,10.91,16,5,67.3
71.6,62.8,62.4,4.69,11,9,61.4
61.5,57.9,48.9,19.8,10,1,46.8
59.2,73.8,63.6,16.89,15,2,50.4
70.5,61.8,52.2,6.54,10,3,53.4
49.0,56.9,46.5,14.02,14,3,48.6
54.2,59.2,53.9,33.89,22,4,48.9
79.7,74.3,66.0,19.85,18,10,65.8
81.5,66.2,55.6,4.04,22,3,55.7
68.4,57.5,54.9,17.88,16,5,53.8
78.7,78.7,64.3,26.26,12,7,64.7
68.9,68.2,54.1,33.47,11,2,62.3
74.4,78.2,73.3,21.84,16,8,69.3
73.0,55.9,54.0,5.31,11,5,48.9
62.5,59.5,58.9,26.77,14,4,58.6
78.0,73.5,65.4,24.62,10,11,61.5
42.1,38.6,34.5,2.49,15,2,37.4
46.1,55.0,54.5,12.61,9,14,53.0
52.6,51.4,42.9,10.1,14,6,48.3
74.0,65.0,65.3,24.14,13,6,61.1
83.9,72.6,74.4,6.87,12,13,66.6
94.5,83.1,73.6,19.87,12,11,74.6
65.5,73.1,63.7,50.88,13,6,64.8
52.0,73.5,64.1,33.97,8,9,59.2
41.4,43.6,36.5,52.88,11,4,39.5
62.3,60.6,49.0,78.8,12,5,55.6
56.1,49.0,45.1,2.21,15,1,38.3
40.7,60.2,55.8,21.5,13,1,51.7
59.8,54.2,52.5,12.65,9,11,50.3
40.6,53.6,49.2,41.3,11,1,46.2
48.2,43.7,36.5,7.8,13,2,33.1
66.8,66.9,63.7,81.3,11,10,62.0
60.0,58.4,53.8,21.02,11,1,58.2
75.9,66.4,60.6,33.55,15,3,59.0
86.8,70.7,66.5,3.79,16,6,65.8
43.1,47.7,45.9,6.05,14,6,41.9
32.8,42.0,47.0,30.41,16,10,32.1
54.2,51.1,48.4,2.44,14,5,51.0
81.2,75.4,66.5,35.95,12,5,70.1
88.6,79.1,73.7,2.28,13,8,66.7
33.5,50.2,51.6,23.41,13,5,44.3
54.1,61.3,54.5,11.09,15,6,47.2
60.3,57.2,56.0,20.91,15,15,60.9
59.0,69.0,54.0,25.82,10,4,52.5
90.6,89.7,70.9,10.39,11,3,70.1
49.5,33.1,34.3,4.28,13,1,30.0
77.9,65.4,65.0,3.44,14,6,60.1
69.4,69.8,58.2,19.78,22,1,62.9
77.5,76.8,68.4,16.71,10,5,72.1
70.4,62.4,56.9,29.11,14,11,57.1
58.5,56.2,51.9,16.26,13,5,51.3
61.3,61.3,55.2,12.98,19,2,52.6
73.2,59.7,58.0,12.15,17,10,52.9
65.6,46.8,52.5,2.54,17,2,55.0
58.2,60.0,52.6,10.18,13,9,56.1
53.7,67.2,58.5,76.61,16,6,61.8
63.3,70.7,62.8,43.36,19,2,67.5
65.4,63.3,63.0,9.99,9,15,62.8
84.6,76.5,67.5,19.72,10,2,66.8
76.3,62.6,65.9,39.59,14,29,68.7
36.2,41.2,39.8,13.64,4,1,41.1
78.7,66.8,60.3,2.36,17,2,54.4
61.5,47.6,47.3,3.55,14,2,50.0
58.2,51.2,48.5,16.28,15,1,45.6
66.8,63.0,57.4,71.76,12,9,67.7
86.6,81.6,74.6,25.63,9,8,72.9
25.8,30.9,36.4,3.47,7,10,31.1
84.3,85.0,68.8,6.2,7,2,67.8
67.4,75.2,72.9,31.51,13,4,65.0
73.4,67.0,59.8,38.83,7,7,61.0
73.7,54.3,48.7,21.23,15,4,56.1
83.8,56.3,60.1,22.68,10,8,50.9
79.0,63.4,70.8,2.57,20,7,57.4
83.3,75.6,59.2,37.27,16,1,62.3
68.1,67.0,62.7,33.05,16,10,58.2
57.0,68.4,62.0,8.0,10,8,62.0
69.0,65.9,61.2,26.67,16,7,64.3
66.2,53.5,51.4,6.84,14,2,50.7
63.1,54.4,46.8,2.82,10,2,43.9
84.0,83.9,71.3,6.49,22,4,73.6
75.9,57.4,54.6,5.94,8,3,47.3
40.3,37.3,29.1,10.24,7,2,38.6
84.5,65.3,66.7,12.84,9,11,61.3
72.1,68.1,61.5,16.21,17,7,59.1
71.5,68.8,60.9,14.95,19,6,58.0
63.7,54.0,50.8,8.31,12,2,44.6
77.0,71.8,64.7,2.59,7,16,69.9
84.3,83.6,71.5,20.58,15,2,73.0
43.0,53.7,58.2,12.08,12,10,53.5
79.1,67.5,68.5,9.1,10,21,61.1
41.8,52.2,51.7,42.34,10,8,50.0
48.0,51.6,58.2,29.47,20,31,57.2
49.5,59.4,49.8,41.01,22,7,52.8
81.5,75.0,61.3,15.66,17,2,58.6
78.1,73.2,65.2,4.81,11,2,65.5
59.4,68.3,63.4,25.83,14,3,59.3
78.5,74.3,63.3,6.62,15,1,58.1
67.6,72.5,64.9,13.64,6,8,55.1
63.1,55.0,54.0,3.34,12,2,51.3
71.1,67.2,66.1,36.89,18,11,73.1
79.4,63.1,53.2,4.69,14,3,51.0
67.9,68.7,61.6,48.68,11,5,63.6
76.9,81.7,86.9,41.94,13,21,84.1
71.2,62.7,56.5,14.49,14,2,50.8
76.8,70.0,55.0,29.28,9,8,59.0
93.4,66.7,70.3,21.32,7,9,64.7
58.2,69.3,56.6,34.5,19,2,60.7
61.3,53.2,42.9,13.31,15,5,50.4
45.4,69.8,48.3,32.82,15,3,52.5
45.0,59.5,56.8,14.41,10,10,48.1
47.9,67.0,52.8,58.59,13,6,55.3
52.2,67.8,52.5,15.33,13,4,50.0
41.2,55.9,49.7,14.42,22,10,43.2
64.0,56.1,48.3,32.75,16,2,50.6
36.8,41.0,39.6,36.47,13,9,42.0
71.0,53.2,56.7,18.17,9,13,56.5
70.5,53.7,52.8,5.96,14,13,51.9
55.7,53.7,50.1,14.61,11,10,48.9
79.5,72.2,67.3,70.89,24,4,70.0
77.6,71.6,77.5,29.97,9,25,68.4
33.0,51.9,40.8,35.34,16,3,42.4
62.8,48.8,56.9,2.67,21,7,47.1
49.5,48.9,45.8,14.62,15,2,38.4
44.4,54.0,61.9,22.8,15,25,56.3
75.2,68.1,63.8,37.44,11,8,62.0
55.0,54.2,52.5,3.01,16,9,48.9
58.0,69.4,55.0,40.27,14,1,60.1
39.7,42.0,43.6,17.9,17,9,36.8
76.7,74.8,69.6,6.4,17,10,65.6
40.5,54.5,47.9,9.63,9,7,37.9
61.9,57.3,52.3,8.62,11,3,55.2
77.5,59.0,57.7,17.14,11,5,51.8
88.0,70.4,76.6,3.06,15,1,64.8
63.3,51.7,46.6,5.45,14,4,50.7
39.4,38.1,31.2,35.5,15,2,34.2
76.7,65.0,62.7,4.85,15,3,54.1
79.1,83.5,68.7,7.32,15,2,69.1
88.5,69.7,64.0,14.08,12,2,65.6
67.5,61.1,49.8,16.56,15,1,49.4
53.7,62.6,62.5,30.85,11,16,56.9
77.6,70.5,66.8,13.86,15,5,61.5
58.9,51.1,46.5,33.2,11,4,47.6
75.7,65.9,64.3,21.26,13,5,54.6
65.0,62.6,50.6,4.4,13,7,50.9
85.8,61.5,65.1,5.4,15,16,68.4
89.9,85.4,74.3,13.49,9,2,68.9
72.2,62.7,52.8,12.11,14,3,51.8
55.4,44.9,47.6,29.22,12,23,45.1
62.9,63.0,54.1,19.39,18,3,55.8
46.4,40.6,39.3,11.82,17,1,41.3
47.0,59.3,53.1,5.74,8,1,51.4
74.8,52.8,48.8,7.15,15,1,44.5
43.1,52.0,59.9,19.14,13,29,55.4
62.4,65.0,58.9,13.01,11,3,60.2
56.4,49.9,58.5,16.47,9,16,54.0
85.4,66.4,74.8,5.74,16,34,72.0
64.2,66.8,52.5,23.75,19,6,53.8
64.4,59.4,52.6,40.28,11,1,55.2
63.7,47.9,41.2,7.97,7,1,46.9
65.3,70.7,58.8,15.53,7,5,59.2
87.7,79.1,70.6,76.2,18,4,70.7
59.6,50.9,47.7,10.11,14,6,44.8
62.8,55.9,52.2,20.08,11,4,55.3
53.0,57.0,60.5,3.89,12,17,54.3
45.5,54.5,45.6,20.63,13,5,45.7
51.1,44.7,46.0,3.88,8,8,40.1
50.3,63.1,58.9,66.0,9,14,65.0
80.1,70.1,66.5,27.15,15,1,70.0
64.4,66.1,56.2,33.04,13,2,61.5
73.0,66.2,58.2,26.35,12,1,63.5
68.4,71.9,59.3,19.82,19,1,57.7
76.8,63.7,59.8,13.95,12,5,56.5
63.3,70.1,56.5,41.09,7,3,58.8
65.3,57.6,49.8,64.85,10,4,56.6
75.0,57.6,71.4,15.82,12,25,69.3
52.3,58.7,45.1,55.63,13,2,55.3
37.7,47.9,39.9,19.51,13,5,41.4
53.3,55.6,51.4,17.46,8,1,43.1
96.5,73.9,68.9,14.12,10,3,62.0
78.1,66.6,65.8,6.7,20,5,61.6
73.7,62.7,65.1,2.07,13,19,63.6
79.9,73.2,62.1,7.53,17,4,61.3
72.7,70.4,54.7,16.26,16,1,63.8
63.1,64.1,61.9,11.56,8,4,52.4
50.4,51.5,39.5,13.9,13,1,37.1
58.8,77.3,65.3,80.9,9,2,64.6
64.2,66.9,55.8,10.62,12,6,52.7
96.4,70.5,72.3,14.04,13,1,69.7
58.5,64.3,64.4,4.87,15,4,54.1
65.4,51.2,43.9,2.98,20,6,39.8
66.7,73.4,58.8,31.87,18,4,64.0
65.5,64.1,58.5,18.91,13,1,49.6
44.7,56.3,62.0,30.6,9,27,53.3
39.1,36.2,36.4,5.25,9,3,27.2
55.8,62.8,55.3,18.96,9,10,54.7
57.5,57.8,58.8,7.85,16,3,52.1
66.1,49.6,49.1,7.18,18,4,53.7
70.3,61.5,52.0,2.23,15,4,55.0
55.0,46.6,42.5,4.79,12,3,46.2
76.7,67.9,55.7,9.4,7,1,57.7
64.7,57.7,59.0,4.49,16,3,49.0
70.8,73.7,67.7,87.17,16,14,71.5
78.1,65.9,65.9,9.38,10,8,63.5
31.7,46.9,34.8,4.79,17,1,36.2
79.5,70.0,63.0,6.44,13,6,59.5
65.2,64.1,55.5,19.72,9,14,58.7
72.2,65.7,64.7,3.32,7,8,55.9
60.3,60.2,57.0,41.67,13,1,52.1
46.6,59.9,51.7,67.14,9,13,52.5
86.9,67.0,57.5,7.67,10,3,59.1
68.5,62.0,60.0,13.96,10,4,52.0
59.9,51.0,42.0,2.45,15,5,41.7
65.9,49.4,58.2,22.47,16,12,56.8
91.2,67.8,70.1,12.69,8,17,64.4
39.6,54.0,48.1,8.3,18,17,43.9
86.0,73.8,67.4,6.63,9,1,64.5
49.6,48.6,47.0,23.23,14,16,47.9
77.9,59.9,53.2,12.76,12,1,52.2
65.9,55.5,52.4,5.96,11,2,52.3
66.7,74.1,54.4,25.37,8,5,60.9
57.9,61.7,61.1,18.65,8,5,59.3
46.6,64.0,53.8,41.13,12,6,53.7
77.1,68.1,58.0,4.5,11,5,56.0
46.9,53.2,49.8,32.8,9,17,47.9
75.8,69.1,65.6,24.39,9,2,63.7
55.3,39.1,40.9,4.44,8,2,36.8
71.0,58.5,68.0,25.74,10,16,60.1
28.4,54.6,37.7,13.65,7,1,36.1
29.9,48.4,41.3,60.0,7,6,41.5
61.5,52.9,53.6,5.05,16,8,50.0
91.4,87.1,80.9,22.59,17,5,72.0
89.8,73.5,75.9,11.62,11,8,70.9
57.6,67.6,53.3,64.85,20,2,61.4
67.5,46.1,51.3,10.01,11,12,46.8
68.2,68.0,56.0,67.5,11,1,68.8
82.8,73.5,67.0,48.35,7,4,69.0
43.1,43.6,40.3,8.3,13,1,31.9
74.7,75.1,60.2,34.55,19,5,62.9
83.8,70.0,71.6,100.0,16,7,72.7
78.5,53.9,58.2,7.82,13,18,58.2
58.8,71.4,61.7,13.48,16,9,57.8
61.0,62.5,60.7,16.69,14,5,52.2
77.5,74.9,75.8,8.99,14,17,65.5
80.0,66.5,64.3,2.31,14,5,57.7
54.6,54.6,45.3,6.97,16,6,43.4
33.7,55.3,41.0,8.62,23,6,36.4
70.6,66.5,63.7,13.73,21,4,56.7
76.9,79.1,71.6,5.75,15,12,69.9
31.5,54.7,39.9,43.31,12,2,48.6
21.8,55.2,45.4,26.41,15,5,44.4
73.8,57.7,53.7,3.78,13,8,57.5
66.7,59.6,62.5,23.0,19,15,62.5
65.6,65.0,64.0,23.21,15,14,63.8
79.5,70.5,65.2,64.57,15,5,67.7
67.0,47.4,47.3,2.06,11,7,46.3
98.8,66.7,64.8,7.7,9,4,62.6
31.4,52.3,37.3,54.56,11,4,42.0
53.1,56.8,58.3,55.8,18,15,58.4
50.6,62.7,57.8,27.5,18,17,58.8
40.2,46.1,50.0,31.03,12,14,47.8
60.5,62.7,52.5,3.92,9,1,49.7
93.3,84.1,76.7,16.43,10,12,75.5
65.7,53.1,58.7,7.27,11,19,55.9
73.2,58.7,53.7,6.0,14,3,54.8
53.0,56.4,54.1,35.25,12,5,46.8
73.6,54.7,55.7,4.9,10,10,49.4
57.2,56.4,50.7,14.65,7,6,53.2
53.0,56.2,67.6,57.8,7,31,64.4
84.9,67.5,66.2,6.11,10,4,60.6
66.4,69.7,69.9,78.33,10,8,67.9
61.3,59.1,61.8,100.0,15,10,61.1
66.2,73.9,60.3,18.22,16,5,62.0
67.5,59.8,63.9,5.73,11,12,53.4
77.2,67.2,68.7,9.6,18,5,62.3
92.9,77.2,78.1,13.05,19,4,72.7
49.5,54.4,49.6,9.4,8,1,46.8
48.5,44.6,45.2,8.59,12,4,41.8
60.7,62.1,56.7,73.68,13,9,62.5
54.9,56.5,53.9,5.33,21,16,48.8
71.8,65.6,57.1,28.43,18,2,54.8
84.0,57.6,50.7,2.01,13,3,61.1
50.9,65.4,58.5,20.14,12,2,52.7
64.4,62.6,57.3,51.53,17,8,59.1
58.7,60.7,68.3,8.79,6,20,61.7
59.9,46.8,42.3,6.1,16,7,48.5
86.6,82.3,78.9,23.09,14,6,72.2
48.0,46.2,40.7,26.94,17,5,38.6
76.4,64.5,53.2,25.3,11,1,52.2
100.0,76.0,82.5,9.69,9,9,80.5
67.1,51.9,56.0,7.81,12,6,47.3
60.5,78.5,67.3,64.43,13,7,68.9
55.4,55.9,56.5,53.36,14,15,53.9
74.2,60.4,62.5,14.22,11,10,53.7
78.6,69.0,67.9,39.44,10,10,66.2
25.7,29.9,31.4,14.04,13,17,27.0
91.8,77.2,82.6,13.05,15,29,75.4
38.7,45.9,48.6,5.41,15,6,47.9
53.7,65.1,63.7,13.12,13,1,56.6
47.4,59.9,56.5,17.42,12,4,54.0
69.4,61.9,62.4,2.46,16,10,59.8
42.0,41.1,34.4,13.74,13,1,34.4
73.4,76.0,61.4,32.41,11,1,61.9
100.0,87.1,74.9,24.79,9,1,76.6
50.1,43.5,41.8,22.17,13,9,42.8
66.1,67.9,68.9,50.06,13,5,63.4
54.1,51.1,53.2,2.36,16,3,46.6
75.0,65.1,61.4,18.29,14,1,56.3
75.4,69.1,61.9,32.96,17,9,62.8
57.0,60.2,55.7,17.59,13,3,51.0
68.1,63.4,55.3,9.83,9,2,49.4
82.3,73.2,60.1,4.93,7,7,53.2
50.8,71.7,60.4,45.71,16,6,56.9
80.4,73.5,62.6,14.73,13,3,68.9
51.5,52.9,45.6,44.09,12,7,47.9
56.2,45.5,41.6,19.63,15,2,45.0
70.6,69.8,63.5,24.43,13,10,55.1
97.0,82.0,74.5,34.62,10,2,71.4
66.1,53.5,49.5,23.53,16,2,45.2
68.3,60.1,51.6,12.15,18,10,52.5
64.7,59.8,62.9,16.42,12,8,65.4
42.6,51.2,38.7,34.5,13,2,43.8
78.2,61.9,53.5,11.36,11,1,60.4
80.6,69.3,67.6,11.82,15,12,63.7
61.5,59.4,56.6,4.01,9,10,57.5
59.1,59.3,58.0,51.2,14,3,64.4
68.4,64.5,61.1,3.91,10,7,56.2
78.0,55.2,55.5,22.89,15,1,52.7
73.5,64.4,61.1,12.66,13,5,53.6
100.0,82.3,75.9,12.4,16,1,72.1
62.4,63.3,57.2,24.76,16,4,55.9
68.0,54.6,42.6,3.39,18,1,52.5
60.1,60.2,52.6,20.01,17,4,47.5
75.6,58.1,60.8,31.57,10,4,58.9
60.0,55.8,66.7,37.23,12,4,51.7
55.3,54.5,42.3,5.74,13,1,41.7
58.1,68.8,59.3,47.54,15,3,60.9
86.6,74.1,69.2,23.35,11,9,70.4
52.7,58.2,58.1,44.72,8,3,57.0
51.6,38.6,35.4,15.28,9,8,39.0
79.3,69.1,65.6,17.62,15,3,64.6
45.9,60.7,44.6,52.28,13,4,50.6
75.7,77.4,67.7,48.03,8,6,65.7
29.0,36.6,40.5,13.89,9,19,30.2
81.3,65.6,64.6,8.42,12,1,58.1
50.4,45.5,36.2,11.99,13,1,37.6
82.9,56.4,60.8,11.81,15,6,61.8
58.9,61.4,63.0,8.76,16,19,57.1
51.9,54.8,62.0,8.26,11,29,54.9
48.4,67.4,59.4,41.47,21,5,58.7
80.2,60.3,53.5,3.45,17,4,53.1
70.6,58.7,60.3,24.64,16,7,60.3
77.1,63.8,58.3,5.79,9,5,63.7
92.7,83.0,81.6,10.45,8,7,82.8
46.4,42.0,46.0,3.27,10,13,41.5
100.0,77.2,75.9,8.29,13,9,73.8
64.2,71.9,59.8,31.26,19,5,66.0
53.5,53.0,50.9,45.26,13,4,50.5
37.7,44.6,45.4,7.01,10,7,41.9
55.4,67.8,54.8,14.46,12,4,49.6
78.7,69.8,59.4,14.71,13,4,59.1
72.0,57.8,56.1,43.36,13,1,61.0
84.1,76.6,62.4,30.78,19,2,63.3
42.8,42.3,33.9,16.39,9,5,35.7
61.6,65.2,56.9,24.22,14,11,51.6
43.2,47.9,39.7,39.59,11,3,49.5
72.5,61.3,52.5,2.19,14,5,57.0
65.4,67.5,50.9,12.31,23,3,54.1
69.4,50.2,43.5,49.56,9,1,52.0
24.7,41.0,45.4,28.97,13,20,42.4
73.6,65.8,60.0,17.65,18,12,64.9
61.0,69.9,56.4,17.09,18,1,53.8
76.0,61.7,68.6,10.55,16,8,63.6
87.7,69.3,65.1,16.7,8,3,67.6
53.1,54.6,62.4,23.31,12,33,62.6
66.6,75.0,59.6,12.84,10,3,51.3
83.7,75.5,76.1,27.05,13,2,68.1
30.6,49.7,38.9,41.5,12,6,37.7
67.5,60.1,59.2,5.36,13,12,56.0
66.2,49.3,52.6,14.01,15,2,41.6
70.2,66.1,61.3,12.49,19,8,51.6
70.0,70.6,60.7,25.26,9,1,67.7
50.4,58.5,56.1,7.75,13,16,53.9
60.7,55.0,47.7,22.45,10,1,48.8
65.6,68.7,68.7,43.99,13,16,68.0
31.2,55.9,46.5,12.83,18,5,43.0
56.1,63.2,51.7,50.39,12,4,59.0
74.3,80.3,77.5,100.0,16,23,76.9
58.5,46.8,55.3,4.24,12,29,51.9
65.6,59.7,50.8,7.31,14,7,51.9
46.1,71.3,48.5,62.07,10,1,52.1
43.1,50.8,45.4,65.56,11,5,53.5
57.8,54.5,53.9,4.06,12,5,47.1
68.2,75.8,69.0,2.3,20,5,66.0
43.4,47.2,33.2,5.51,7,6,36.7
80.5,73.8,64.0,100.0,11,1,74.9
69.0,54.0,50.1,5.97,10,8,46.2
81.8,71.8,68.9,15.97,13,8,62.0
56.3,58.8,48.3,39.73,14,1,47.9
39.9,40.8,40.4,2.41,12,6,36.6
83.6,75.4,69.6,20.55,11,6,73.1
87.2,69.3,60.6,8.49,11,8,67.6
75.5,73.8,59.9,41.66,12,1,55.6
65.3,61.0,57.2,8.67,13,7,55.0
55.8,61.4,52.9,25.22,14,3,40.9
52.2,47.6,39.0,24.43,12,5,45.1
62.2,69.7,57.2,7.01,17,10,60.4
74.7,61.6,60.7,2.71,15,8,56.6
69.0,79.9,60.2,12.53,12,1,61.2
57.7,63.5,49.4,8.83,9,6,50.6
49.9,42.7,49.5,35.11,10,22,46.0
83.8,68.2,61.1,34.23,10,2,64.7
50.6,45.6,43.7,14.21,14,12,42.4
48.5,62.0,51.3,20.65,16,8,54.0
62.8,72.7,65.4,20.54,13,10,61.8
90.8,81.6,70.6,37.11,13,3,69.6
82.2,85.7,74.0,13.07,14,3,65.4
67.6,57.9,59.1,8.44,11,15,49.2
67.7,57.9,54.1,8.16,8,3,56.2
83.9,71.2,67.8,17.37,15,1,62.9
74.1,63.4,63.5,13.93,15,6,60.4
66.6,56.2,56.1,13.6,8,1,58.2
74.8,78.0,74.9,3.91,9,10,65.6
73.5,51.2,54.3,27.36,12,7,51.6
65.5,71.3,65.2,6.81,16,13,60.7
76.8,67.7,64.3,6.39,15,10,61.2
68.9,69.6,56.1,12.65,17,1,62.9
87.3,65.8,63.1,7.17,14,3,66.3
49.4,47.8,49.8,19.53,12,10,48.5
62.2,57.9,49.8,11.29,12,4,54.6
47.4,50.7,55.9,13.92,15,23,50.2
69.9,65.4,59.4,17.41,7,9,59.5
74.4,72.2,63.4,6.55,13,1,59.1
64.6,65.8,61.8,5.39,8,14,53.5
88.3,90.1,73.8,44.48,7,1,80.7
64.4,62.5,51.5,13.37,15,1,53.5
76.3,64.2,65.0,12.62,12,9,60.9
50.4,44.5,46.7,2.73,10,13,42.8
66.0,60.7,54.2,15.78,16,5,48.2
82.1,74.1,67.9,18.16,12,3,62.1
68.5,63.9,55.6,18.37,16,3,56.6
67.8,61.4,60.1,26.55,16,3,55.3
54.5,67.1,51.8,5.91,19,3,50.1
48.5,43.6,38.7,7.81,13,2,37.5
65.0,66.8,54.3,35.29,20,6,55.3
62.2,76.6,69.1,60.81,8,15,67.1
73.8,67.6,54.1,4.92,8,3,49.6
68.3,63.0,59.0,15.77,14,2,55.4
59.6,55.6,58.5,6.82,12,12,54.8
75.9,57.3,61.9,3.24,13,9,50.6
50.5,45.2,50.1,9.88,8,17,45.8
68.3,63.7,53.0,5.1,12,2,53.5
71.5,69.3,56.8,26.75,14,1,55.2
77.4,76.5,74.4,17.26,16,5,73.1
56.5,55.5,56.7,5.11,14,6,48.7
44.2,38.3,37.5,2.19,14,5,34.5
84.6,81.2,71.4,35.02,13,6,71.5
40.9,50.1,46.9,5.88,18,2,35.1
48.7,53.4,44.4,20.64,12,5,48.6
70.2,79.3,70.2,10.22,12,7,62.3
63.3,58.3,58.6,19.61,12,4,53.4
58.8,75.7,61.6,9.59,10,8,61.4
94.0,68.5,70.3,3.82,13,4,70.5
78.8,59.0,59.0,7.05,15,3,51.9
47.1,46.6,41.3,6.17,10,3,37.9
91.4,74.5,66.0,13.17,16,4,71.0
87.4,68.0,60.3,23.48,16,1,63.7
66.8,53.5,54.1,8.13,20,7,53.2
74.6,51.4,51.0,2.24,10,12,47.0
41.2,42.8,38.3,16.64,16,3,36.0
69.6,65.5,59.5,20.62,9,1,56.9
46.8,63.1,68.5,67.87,15,27,63.2
39.5,58.6,40.6,19.81,13,2,37.0
38.2,54.0,47.8,14.74,14,1,41.4
69.8,77.0,72.2,19.04,9,3,70.6
55.6,54.4,53.6,54.59,10,9,55.0
73.0,77.8,62.6,37.25,13,3,70.1
59.0,54.5,49.7,9.8,6,6,48.8
40.8,39.7,36.2,7.42,13,4,31.9
50.5,50.9,44.9,8.09,9,1,47.1
78.1,76.6,67.4,16.04,8,3,65.9
87.4,64.8,66.7,29.26,11,8,68.8
68.2,61.8,57.3,15.99,13,6,51.9
57.3,54.5,48.7,3.4,14,1,49.4
73.9,73.2,61.8,27.72,12,2,66.2
75.8,72.9,65.5,34.79,18,7,66.8
77.2,69.6,65.3,8.84,13,11,59.8
49.2,61.6,58.8,23.82,9,3,52.9
49.9,54.8,54.8,13.12,15,6,51.0
53.8,63.1,54.7,45.99,9,2,56.1
76.4,67.3,66.6,39.32,11,3,66.6
59.5,54.3,51.2,16.91,13,1,52.2
62.6,54.0,54.2,25.52,9,9,50.5
63.0,62.6,49.7,44.97,10,4,51.1
68.1,53.9,54.9,15.69,7,11,53.0
70.5,59.2,56.6,9.52,8,8,53.4
50.6,56.2,48.5,30.02,9,11,52.7
55.6,58.1,44.6,6.97,19,3,42.0
64.9,55.5,52.7,11.84,14,2,53.7
79.3,73.8,78.6,42.16,19,22,80.0
84.6,74.7,66.1,27.78,5,8,67.5
32.6,41.0,36.9,12.34,7,12,36.0
42.2,59.6,51.6,6.83,15,1,43.4
39.5,46.3,35.9,10.8,12,3,34.6
54.9,64.8,58.7,8.68,10,9,52.8
55.3,60.3,49.8,5.87,16,1,52.9
44.6,48.9,46.1,29.2,14,6,44.6
38.6,45.6,36.0,7.81,10,4,31.3
42.0,44.4,38.1,14.11,12,1,38.1
73.3,58.3,55.1,11.75,14,2,56.3
70.8,63.5,58.5,82.43,11,3,62.5
51.8,56.3,47.6,11.92,15,1,51.1
59.3,56.6,54.4,3.67,13,7,52.7
49.1,52.4,53.7,3.88,9,2,42.1
58.2,65.1,65.6,19.87,7,3,55.9
93.6,78.9,77.2,20.29,14,15,75.8
91.2,85.6,67.3,12.85,18,4,64.1
42.8,42.2,40.8,13.31,10,4,39.4
67.4,62.7,60.0,3.11,6,8,49.4
78.5,67.6,73.4,16.54,14,15,70.6
42.3,55.5,45.6,16.05,13,1,46.9
72.3,54.5,53.4,5.24,9,4,52.8
97.1,65.9,71.9,4.19,14,6,63.8
55.9,47.2,49.2,4.64,17,3,44.6
53.4,57.5,48.3,4.13,19,10,45.7
69.1,74.5,71.9,20.82,16,22,64.9
70.5,55.3,61.2,6.38,15,18,55.4
81.2,59.5,57.6,7.79,15,2,58.1
66.8,71.5,59.9,5.81,20,2,57.5
81.3,68.6,75.2,65.32,21,20,80.3
56.8,47.4,49.0,40.57,13,4,51.3
93.0,76.5,77.3,7.24,10,2,72.6
83.8,76.4,73.9,9.94,10,8,63.1
66.5,63.2,52.9,6.71,12,3,51.4
75.7,56.6,53.5,15.54,12,2,49.4
47.1,33.4,39.9,2.4,11,14,35.8
68.2,67.0,60.5,24.26,5,2,56.2
69.4,69.6,61.3,16.81,14,1,57.5
66.0,66.1,65.6,47.78,9,2,66.4
70.4,77.6,65.9,5.59,16,6,64.4
59.2,52.3,48.3,34.6,11,1,52.5
81.7,74.3,76.8,33.4,13,4,65.3
33.2,41.6,35.1,4.72,8,7,33.8
76.9,65.7,66.4,12.17,16,12,65.8
71.5,54.5,48.0,5.73,12,2,53.8
64.5,57.3,57.4,7.88,10,11,48.1
64.2,54.8,47.0,8.11,26,2,46.0
63.2,53.5,56.3,18.25,11,7,55.9
86.4,68.9,65.9,12.6,10,4,62.9
66.7,57.8,48.2,61.03,10,1,52.0
31.3,46.6,43.9,4.7,14,8,32.9
94.2,87.4,77.9,74.76,12,2,77.8
82.7,81.5,74.6,7.24,13,2,63.0
47.6,54.0,41.5,31.65,16,3,45.0
68.8,68.8,64.2,10.28,8,7,63.1
71.9,61.4,59.1,5.09,19,2,50.4
77.0,65.3,57.9,41.02,17,2,61.6
63.2,55.7,44.8,9.39,13,1,49.4
51.0,62.6,52.6,23.51,17,4,51.5
50.9,47.1,48.3,18.71,10,4,39.0
58.8,66.4,60.3,14.76,9,2,56.9
54.1,59.4,48.1,15.7,9,1,47.7
63.4,67.5,53.6,28.35,19,4,55.6
70.4,56.2,55.6,3.84,8,10,51.0
62.7,58.9,54.0,24.06,12,8,54.1
77.2,69.9,70.8,47.23,12,13,71.5
74.7,75.3,64.0,3.19,9,1,69.3
55.3,47.1,51.7,5.03,16,21,48.5
76.8,53.9,57.8,27.22,16,3,61.0
71.6,62.9,71.2,13.5,16,29,66.9
75.6,59.0,57.2,12.34,16,2,54.6
63.5,66.6,51.4,4.95,14,4,52.8
67.2,78.6,56.0,16.14,14,3,55.2
70.8,55.1,46.8,4.71,9,3,49.2
50.1,55.5,51.1,14.95,10,12,42.1
71.9,77.1,71.9,30.85,11,9,65.7
75.5,60.4,60.8,7.98,12,30,61.6
46.8,52.2,53.0,15.11,12,6,51.3
74.5,66.6,61.6,98.61,19,4,70.5
72.2,74.0,68.5,25.21,13,1,63.6
73.7,56.4,63.7,38.82,11,35,65.6
92.3,71.6,71.0,12.72,15,5,71.0
94.4,81.4,77.6,31.21,11,8,71.4
45.9,52.2,48.5,2.83,18,4,44.8
29.0,43.7,35.5,4.62,14,5,30.4
57.5,58.9,62.4,6.54,10,18,55.1
64.1,67.5,62.1,12.28,15,2,55.6
72.8,73.6,61.5,39.38,17,3,65.4
86.3,72.0,66.9,10.5,9,2,66.1
49.4,45.4,38.0,23.26,16,10,44.7
56.9,73.9,62.0,26.71,16,1,60.6
46.9,55.4,53.4,19.65,10,1,48.5
96.2,70.7,63.3,10.84,14,3,70.9
95.2,93.5,82.5,19.21,14,5,74.4
53.1,51.3,50.0,10.38,13,4,51.9
61.8,50.3,46.3,3.75,13,1,43.4
90.1,77.8,81.9,100.0,15,20,84.3
57.8,62.5,61.8,4.72,10,19,55.5
64.9,48.3,45.3,3.5,12,3,41.9
66.9,66.5,61.7,44.16,10,9,64.0
57.3,51.7,49.1,9.19,12,6,50.3
48.0,63.5,46.6,23.01,12,2,50.2
60.8,48.3,45.1,9.98,18,2,42.2
57.2,52.0,54.8,11.93,8,5,61.7
89.7,75.6,68.5,8.08,17,4,70.8
42.1,55.6,40.7,10.4,17,3,44.8
76.0,66.7,65.0,12.58,9,11,60.6
66.8,65.6,56.2,27.49,15,5,55.0
86.0,52.8,52.0,16.33,17,7,53.3
82.5,67.7,63.0,59.49,18,2,70.4
63.0,58.8,51.2,2.86,20,5,46.2
